ts,value,namespace
1666596679,0,project-5wmb6
1666596694,7,project-5wmb6
1666596709,24,project-5wmb6
1666596724,29,project-5wmb6
1666596739,40,project-5wmb6
1666596754,48,project-5wmb6
1666596769,56,project-5wmb6
1666596784,65,project-5wmb6
1666596799,73,project-5wmb6
1666596814,80,project-5wmb6
1666596829,91,project-5wmb6
1666596844,95,project-5wmb6
1666596859,105,project-5wmb6
1666596874,110,project-5wmb6
1666596889,123,project-5wmb6
1666596904,130,project-5wmb6
1666596919,143,project-5wmb6
1666596934,149,project-5wmb6
1666596949,159,project-5wmb6
1666596964,169,project-5wmb6
1666596979,184,project-5wmb6
1666596994,191,project-5wmb6
1666597009,199,project-5wmb6
1666597024,207,project-5wmb6
1666597039,216,project-5wmb6
1666597054,221,project-5wmb6
1666597069,236,project-5wmb6
1666597084,242,project-5wmb6
1666597099,258,project-5wmb6
1666597114,262,project-5wmb6
1666597129,277,project-5wmb6
1666597144,287,project-5wmb6
1666597159,296,project-5wmb6
1666597174,309,project-5wmb6
1666597189,321,project-5wmb6
1666597204,328,project-5wmb6
1666597219,341,project-5wmb6
1666597234,349,project-5wmb6
1666597249,369,project-5wmb6
1666597264,373,project-5wmb6
1666597279,384,project-5wmb6
1666597294,384,project-5wmb6
1666597309,384,project-5wmb6
1666597324,384,project-5wmb6
1666597339,384,project-5wmb6
1666597354,384,project-5wmb6
1666597369,384,project-5wmb6
1666597384,384,project-5wmb6
1666597399,384,project-5wmb6
1666597414,384,project-5wmb6
1666597429,384,project-5wmb6
1666596679,0,project-6swtp
1666596694,2,project-6swtp
1666596709,21,project-6swtp
1666596724,27,project-6swtp
1666596739,46,project-6swtp
1666596754,56,project-6swtp
1666596769,71,project-6swtp
1666596784,79,project-6swtp
1666596799,90,project-6swtp
1666596814,95,project-6swtp
1666596829,104,project-6swtp
1666596844,108,project-6swtp
1666596859,120,project-6swtp
1666596874,126,project-6swtp
1666596889,136,project-6swtp
1666596904,146,project-6swtp
1666596919,165,project-6swtp
1666596934,173,project-6swtp
1666596949,190,project-6swtp
1666596964,196,project-6swtp
1666596979,204,project-6swtp
1666596994,208,project-6swtp
1666597009,226,project-6swtp
1666597024,230,project-6swtp
1666597039,240,project-6swtp
1666597054,250,project-6swtp
1666597069,262,project-6swtp
1666597084,269,project-6swtp
1666597099,282,project-6swtp
1666597114,288,project-6swtp
1666597129,306,project-6swtp
1666597144,307,project-6swtp
1666597159,320,project-6swtp
1666597174,325,project-6swtp
1666597189,339,project-6swtp
1666597204,345,project-6swtp
1666597219,359,project-6swtp
1666597234,366,project-6swtp
1666597249,377,project-6swtp
1666597264,381,project-6swtp
1666597279,396,project-6swtp
1666597294,396,project-6swtp
1666597309,396,project-6swtp
1666597324,396,project-6swtp
1666597339,396,project-6swtp
1666597354,396,project-6swtp
1666597369,396,project-6swtp
1666597384,396,project-6swtp
1666597399,396,project-6swtp
1666597414,396,project-6swtp
1666597429,396,project-6swtp
1666596679,0,project-77kcb
1666596694,8,project-77kcb
1666596709,23,project-77kcb
1666596724,29,project-77kcb
1666596739,49,project-77kcb
1666596754,55,project-77kcb
1666596769,67,project-77kcb
1666596784,73,project-77kcb
1666596799,85,project-77kcb
1666596814,93,project-77kcb
1666596829,111,project-77kcb
1666596844,117,project-77kcb
1666596859,131,project-77kcb
1666596874,139,project-77kcb
1666596889,157,project-77kcb
1666596904,164,project-77kcb
1666596919,175,project-77kcb
1666596934,184,project-77kcb
1666596949,192,project-77kcb
1666596964,200,project-77kcb
1666596979,210,project-77kcb
1666596994,218,project-77kcb
1666597009,228,project-77kcb
1666597024,232,project-77kcb
1666597039,249,project-77kcb
1666597054,254,project-77kcb
1666597069,269,project-77kcb
1666597084,281,project-77kcb
1666597099,291,project-77kcb
1666597114,303,project-77kcb
1666597129,318,project-77kcb
1666597144,323,project-77kcb
1666597159,336,project-77kcb
1666597174,341,project-77kcb
1666597189,354,project-77kcb
1666597204,358,project-77kcb
1666597219,367,project-77kcb
1666597234,375,project-77kcb
1666597249,386,project-77kcb
1666597264,394,project-77kcb
1666597279,406,project-77kcb
1666597294,408,project-77kcb
1666597309,408,project-77kcb
1666597324,408,project-77kcb
1666597339,408,project-77kcb
1666597354,408,project-77kcb
1666597369,408,project-77kcb
1666597384,408,project-77kcb
1666597399,408,project-77kcb
1666597414,408,project-77kcb
1666597429,408,project-77kcb
1666596679,0,project-7xtww
1666596694,2,project-7xtww
1666596709,15,project-7xtww
1666596724,20,project-7xtww
1666596739,32,project-7xtww
1666596754,37,project-7xtww
1666596769,50,project-7xtww
1666596784,54,project-7xtww
1666596799,70,project-7xtww
1666596814,77,project-7xtww
1666596829,86,project-7xtww
1666596844,100,project-7xtww
1666596859,114,project-7xtww
1666596874,127,project-7xtww
1666596889,138,project-7xtww
1666596904,141,project-7xtww
1666596919,156,project-7xtww
1666596934,162,project-7xtww
1666596949,176,project-7xtww
1666596964,182,project-7xtww
1666596979,200,project-7xtww
1666596994,208,project-7xtww
1666597009,221,project-7xtww
1666597024,227,project-7xtww
1666597039,251,project-7xtww
1666597054,257,project-7xtww
1666597069,266,project-7xtww
1666597084,275,project-7xtww
1666597099,290,project-7xtww
1666597114,298,project-7xtww
1666597129,312,project-7xtww
1666597144,322,project-7xtww
1666597159,328,project-7xtww
1666597174,331,project-7xtww
1666597189,349,project-7xtww
1666597204,353,project-7xtww
1666597219,367,project-7xtww
1666597234,371,project-7xtww
1666597249,379,project-7xtww
1666597264,385,project-7xtww
1666597279,401,project-7xtww
1666597294,402,project-7xtww
1666597309,402,project-7xtww
1666597324,402,project-7xtww
1666597339,402,project-7xtww
1666597354,402,project-7xtww
1666597369,402,project-7xtww
1666597384,402,project-7xtww
1666597399,402,project-7xtww
1666597414,402,project-7xtww
1666597429,402,project-7xtww
1666596679,0,project-bs9lm
1666596694,7,project-bs9lm
1666596709,18,project-bs9lm
1666596724,25,project-bs9lm
1666596739,37,project-bs9lm
1666596754,46,project-bs9lm
1666596769,60,project-bs9lm
1666596784,70,project-bs9lm
1666596799,84,project-bs9lm
1666596814,90,project-bs9lm
1666596829,102,project-bs9lm
1666596844,114,project-bs9lm
1666596859,127,project-bs9lm
1666596874,132,project-bs9lm
1666596889,141,project-bs9lm
1666596904,148,project-bs9lm
1666596919,160,project-bs9lm
1666596934,169,project-bs9lm
1666596949,184,project-bs9lm
1666596964,192,project-bs9lm
1666596979,197,project-bs9lm
1666596994,200,project-bs9lm
1666597009,213,project-bs9lm
1666597024,218,project-bs9lm
1666597039,224,project-bs9lm
1666597054,233,project-bs9lm
1666597069,242,project-bs9lm
1666597084,249,project-bs9lm
1666597099,267,project-bs9lm
1666597114,274,project-bs9lm
1666597129,285,project-bs9lm
1666597144,290,project-bs9lm
1666597159,305,project-bs9lm
1666597174,309,project-bs9lm
1666597189,315,project-bs9lm
1666597204,322,project-bs9lm
1666597219,335,project-bs9lm
1666597234,339,project-bs9lm
1666597249,349,project-bs9lm
1666597264,353,project-bs9lm
1666597279,371,project-bs9lm
1666597294,372,project-bs9lm
1666597309,372,project-bs9lm
1666597324,372,project-bs9lm
1666597339,372,project-bs9lm
1666597354,372,project-bs9lm
1666597369,372,project-bs9lm
1666597384,372,project-bs9lm
1666597399,372,project-bs9lm
1666597414,372,project-bs9lm
1666597429,372,project-bs9lm
1666596679,0,project-dk9h5
1666596694,4,project-dk9h5
1666596709,10,project-dk9h5
1666596724,16,project-dk9h5
1666596739,25,project-dk9h5
1666596754,34,project-dk9h5
1666596769,46,project-dk9h5
1666596784,50,project-dk9h5
1666596799,67,project-dk9h5
1666596814,72,project-dk9h5
1666596829,88,project-dk9h5
1666596844,90,project-dk9h5
1666596859,98,project-dk9h5
1666596874,103,project-dk9h5
1666596889,119,project-dk9h5
1666596904,126,project-dk9h5
1666596919,142,project-dk9h5
1666596934,148,project-dk9h5
1666596949,158,project-dk9h5
1666596964,165,project-dk9h5
1666596979,184,project-dk9h5
1666596994,187,project-dk9h5
1666597009,201,project-dk9h5
1666597024,209,project-dk9h5
1666597039,217,project-dk9h5
1666597054,225,project-dk9h5
1666597069,243,project-dk9h5
1666597084,249,project-dk9h5
1666597099,258,project-dk9h5
1666597114,267,project-dk9h5
1666597129,279,project-dk9h5
1666597144,281,project-dk9h5
1666597159,290,project-dk9h5
1666597174,299,project-dk9h5
1666597189,313,project-dk9h5
1666597204,319,project-dk9h5
1666597219,330,project-dk9h5
1666597234,337,project-dk9h5
1666597249,349,project-dk9h5
1666597264,355,project-dk9h5
1666597279,376,project-dk9h5
1666597294,378,project-dk9h5
1666597309,378,project-dk9h5
1666597324,378,project-dk9h5
1666597339,378,project-dk9h5
1666597354,378,project-dk9h5
1666597369,378,project-dk9h5
1666597384,378,project-dk9h5
1666597399,378,project-dk9h5
1666597414,378,project-dk9h5
1666597429,378,project-dk9h5
1666596679,0,project-flrzx
1666596694,7,project-flrzx
1666596709,19,project-flrzx
1666596724,24,project-flrzx
1666596739,37,project-flrzx
1666596754,44,project-flrzx
1666596769,59,project-flrzx
1666596784,70,project-flrzx
1666596799,85,project-flrzx
1666596814,88,project-flrzx
1666596829,99,project-flrzx
1666596844,104,project-flrzx
1666596859,113,project-flrzx
1666596874,119,project-flrzx
1666596889,130,project-flrzx
1666596904,142,project-flrzx
1666596919,164,project-flrzx
1666596934,174,project-flrzx
1666596949,185,project-flrzx
1666596964,192,project-flrzx
1666596979,206,project-flrzx
1666596994,210,project-flrzx
1666597009,228,project-flrzx
1666597024,234,project-flrzx
1666597039,246,project-flrzx
1666597054,251,project-flrzx
1666597069,264,project-flrzx
1666597084,270,project-flrzx
1666597099,280,project-flrzx
1666597114,285,project-flrzx
1666597129,301,project-flrzx
1666597144,302,project-flrzx
1666597159,311,project-flrzx
1666597174,315,project-flrzx
1666597189,331,project-flrzx
1666597204,338,project-flrzx
1666597219,348,project-flrzx
1666597234,354,project-flrzx
1666597249,362,project-flrzx
1666597264,368,project-flrzx
1666597279,379,project-flrzx
1666597294,381,project-flrzx
1666597309,381,project-flrzx
1666597324,381,project-flrzx
1666597339,381,project-flrzx
1666597354,381,project-flrzx
1666597369,381,project-flrzx
1666597384,381,project-flrzx
1666597399,381,project-flrzx
1666597414,381,project-flrzx
1666597429,381,project-flrzx
1666596679,0,project-ggkhl
1666596694,5,project-ggkhl
1666596709,21,project-ggkhl
1666596724,32,project-ggkhl
1666596739,49,project-ggkhl
1666596754,51,project-ggkhl
1666596769,61,project-ggkhl
1666596784,65,project-ggkhl
1666596799,79,project-ggkhl
1666596814,86,project-ggkhl
1666596829,103,project-ggkhl
1666596844,110,project-ggkhl
1666596859,123,project-ggkhl
1666596874,133,project-ggkhl
1666596889,151,project-ggkhl
1666596904,160,project-ggkhl
1666596919,175,project-ggkhl
1666596934,178,project-ggkhl
1666596949,192,project-ggkhl
1666596964,195,project-ggkhl
1666596979,207,project-ggkhl
1666596994,211,project-ggkhl
1666597009,227,project-ggkhl
1666597024,237,project-ggkhl
1666597039,251,project-ggkhl
1666597054,261,project-ggkhl
1666597069,268,project-ggkhl
1666597084,273,project-ggkhl
1666597099,287,project-ggkhl
1666597114,294,project-ggkhl
1666597129,309,project-ggkhl
1666597144,317,project-ggkhl
1666597159,330,project-ggkhl
1666597174,341,project-ggkhl
1666597189,349,project-ggkhl
1666597204,360,project-ggkhl
1666597219,372,project-ggkhl
1666597234,379,project-ggkhl
1666597249,397,project-ggkhl
1666597264,412,project-ggkhl
1666597279,421,project-ggkhl
1666597294,422,project-ggkhl
1666597309,422,project-ggkhl
1666597324,422,project-ggkhl
1666597339,422,project-ggkhl
1666597354,422,project-ggkhl
1666597369,422,project-ggkhl
1666597384,422,project-ggkhl
1666597399,422,project-ggkhl
1666597414,422,project-ggkhl
1666597429,422,project-ggkhl
1666596679,0,project-gmg2k
1666596694,5,project-gmg2k
1666596709,28,project-gmg2k
1666596724,38,project-gmg2k
1666596739,49,project-gmg2k
1666596754,54,project-gmg2k
1666596769,65,project-gmg2k
1666596784,65,project-gmg2k
1666596799,86,project-gmg2k
1666596814,91,project-gmg2k
1666596829,110,project-gmg2k
1666596844,117,project-gmg2k
1666596859,132,project-gmg2k
1666596874,140,project-gmg2k
1666596889,146,project-gmg2k
1666596904,151,project-gmg2k
1666596919,160,project-gmg2k
1666596934,171,project-gmg2k
1666596949,178,project-gmg2k
1666596964,186,project-gmg2k
1666596979,200,project-gmg2k
1666596994,206,project-gmg2k
1666597009,215,project-gmg2k
1666597024,220,project-gmg2k
1666597039,237,project-gmg2k
1666597054,241,project-gmg2k
1666597069,255,project-gmg2k
1666597084,259,project-gmg2k
1666597099,268,project-gmg2k
1666597114,278,project-gmg2k
1666597129,289,project-gmg2k
1666597144,291,project-gmg2k
1666597159,309,project-gmg2k
1666597174,318,project-gmg2k
1666597189,327,project-gmg2k
1666597204,329,project-gmg2k
1666597219,350,project-gmg2k
1666597234,357,project-gmg2k
1666597249,371,project-gmg2k
1666597264,381,project-gmg2k
1666597279,400,project-gmg2k
1666597294,401,project-gmg2k
1666597309,401,project-gmg2k
1666597324,401,project-gmg2k
1666597339,401,project-gmg2k
1666597354,401,project-gmg2k
1666597369,401,project-gmg2k
1666597384,401,project-gmg2k
1666597399,401,project-gmg2k
1666597414,401,project-gmg2k
1666597429,401,project-gmg2k
1666596679,0,project-hh7d8
1666596694,8,project-hh7d8
1666596709,19,project-hh7d8
1666596724,25,project-hh7d8
1666596739,35,project-hh7d8
1666596754,40,project-hh7d8
1666596769,55,project-hh7d8
1666596784,63,project-hh7d8
1666596799,73,project-hh7d8
1666596814,78,project-hh7d8
1666596829,84,project-hh7d8
1666596844,90,project-hh7d8
1666596859,108,project-hh7d8
1666596874,111,project-hh7d8
1666596889,130,project-hh7d8
1666596904,134,project-hh7d8
1666596919,146,project-hh7d8
1666596934,152,project-hh7d8
1666596949,163,project-hh7d8
1666596964,170,project-hh7d8
1666596979,187,project-hh7d8
1666596994,192,project-hh7d8
1666597009,199,project-hh7d8
1666597024,206,project-hh7d8
1666597039,219,project-hh7d8
1666597054,226,project-hh7d8
1666597069,244,project-hh7d8
1666597084,246,project-hh7d8
1666597099,257,project-hh7d8
1666597114,264,project-hh7d8
1666597129,268,project-hh7d8
1666597144,272,project-hh7d8
1666597159,288,project-hh7d8
1666597174,293,project-hh7d8
1666597189,306,project-hh7d8
1666597204,310,project-hh7d8
1666597219,329,project-hh7d8
1666597234,334,project-hh7d8
1666597249,343,project-hh7d8
1666597264,353,project-hh7d8
1666597279,365,project-hh7d8
1666597294,366,project-hh7d8
1666597309,366,project-hh7d8
1666597324,366,project-hh7d8
1666597339,366,project-hh7d8
1666597354,366,project-hh7d8
1666597369,366,project-hh7d8
1666597384,366,project-hh7d8
1666597399,366,project-hh7d8
1666597414,366,project-hh7d8
1666597429,366,project-hh7d8
1666596679,0,project-l7z57
1666596694,7,project-l7z57
1666596709,12,project-l7z57
1666596724,22,project-l7z57
1666596739,33,project-l7z57
1666596754,36,project-l7z57
1666596769,50,project-l7z57
1666596784,58,project-l7z57
1666596799,68,project-l7z57
1666596814,73,project-l7z57
1666596829,86,project-l7z57
1666596844,96,project-l7z57
1666596859,106,project-l7z57
1666596874,109,project-l7z57
1666596889,121,project-l7z57
1666596904,129,project-l7z57
1666596919,144,project-l7z57
1666596934,149,project-l7z57
1666596949,156,project-l7z57
1666596964,160,project-l7z57
1666596979,175,project-l7z57
1666596994,183,project-l7z57
1666597009,199,project-l7z57
1666597024,201,project-l7z57
1666597039,208,project-l7z57
1666597054,217,project-l7z57
1666597069,231,project-l7z57
1666597084,241,project-l7z57
1666597099,253,project-l7z57
1666597114,258,project-l7z57
1666597129,274,project-l7z57
1666597144,280,project-l7z57
1666597159,293,project-l7z57
1666597174,301,project-l7z57
1666597189,310,project-l7z57
1666597204,319,project-l7z57
1666597219,330,project-l7z57
1666597234,336,project-l7z57
1666597249,361,project-l7z57
1666597264,367,project-l7z57
1666597279,384,project-l7z57
1666597294,385,project-l7z57
1666597309,385,project-l7z57
1666597324,385,project-l7z57
1666597339,385,project-l7z57
1666597354,385,project-l7z57
1666597369,385,project-l7z57
1666597384,385,project-l7z57
1666597399,385,project-l7z57
1666597414,385,project-l7z57
1666597429,385,project-l7z57
1666596679,0,project-md5pw
1666596694,9,project-md5pw
1666596709,19,project-md5pw
1666596724,27,project-md5pw
1666596739,40,project-md5pw
1666596754,41,project-md5pw
1666596769,61,project-md5pw
1666596784,65,project-md5pw
1666596799,78,project-md5pw
1666596814,86,project-md5pw
1666596829,99,project-md5pw
1666596844,106,project-md5pw
1666596859,120,project-md5pw
1666596874,121,project-md5pw
1666596889,129,project-md5pw
1666596904,138,project-md5pw
1666596919,148,project-md5pw
1666596934,155,project-md5pw
1666596949,173,project-md5pw
1666596964,179,project-md5pw
1666596979,193,project-md5pw
1666596994,201,project-md5pw
1666597009,216,project-md5pw
1666597024,223,project-md5pw
1666597039,237,project-md5pw
1666597054,239,project-md5pw
1666597069,254,project-md5pw
1666597084,259,project-md5pw
1666597099,276,project-md5pw
1666597114,282,project-md5pw
1666597129,294,project-md5pw
1666597144,301,project-md5pw
1666597159,312,project-md5pw
1666597174,321,project-md5pw
1666597189,336,project-md5pw
1666597204,344,project-md5pw
1666597219,358,project-md5pw
1666597234,363,project-md5pw
1666597249,378,project-md5pw
1666597264,381,project-md5pw
1666597279,394,project-md5pw
1666597294,397,project-md5pw
1666597309,397,project-md5pw
1666597324,397,project-md5pw
1666597339,397,project-md5pw
1666597354,397,project-md5pw
1666597369,397,project-md5pw
1666597384,397,project-md5pw
1666597399,397,project-md5pw
1666597414,397,project-md5pw
1666597429,397,project-md5pw
1666596679,0,project-n8l2q
1666596694,9,project-n8l2q
1666596709,22,project-n8l2q
1666596724,30,project-n8l2q
1666596739,44,project-n8l2q
1666596754,46,project-n8l2q
1666596769,59,project-n8l2q
1666596784,66,project-n8l2q
1666596799,73,project-n8l2q
1666596814,86,project-n8l2q
1666596829,94,project-n8l2q
1666596844,96,project-n8l2q
1666596859,112,project-n8l2q
1666596874,116,project-n8l2q
1666596889,131,project-n8l2q
1666596904,135,project-n8l2q
1666596919,145,project-n8l2q
1666596934,151,project-n8l2q
1666596949,166,project-n8l2q
1666596964,171,project-n8l2q
1666596979,186,project-n8l2q
1666596994,192,project-n8l2q
1666597009,200,project-n8l2q
1666597024,207,project-n8l2q
1666597039,230,project-n8l2q
1666597054,233,project-n8l2q
1666597069,250,project-n8l2q
1666597084,259,project-n8l2q
1666597099,268,project-n8l2q
1666597114,274,project-n8l2q
1666597129,290,project-n8l2q
1666597144,300,project-n8l2q
1666597159,314,project-n8l2q
1666597174,321,project-n8l2q
1666597189,333,project-n8l2q
1666597204,338,project-n8l2q
1666597219,356,project-n8l2q
1666597234,360,project-n8l2q
1666597249,370,project-n8l2q
1666597264,374,project-n8l2q
1666597279,391,project-n8l2q
1666597294,392,project-n8l2q
1666597309,392,project-n8l2q
1666597324,392,project-n8l2q
1666597339,392,project-n8l2q
1666597354,392,project-n8l2q
1666597369,392,project-n8l2q
1666597384,392,project-n8l2q
1666597399,392,project-n8l2q
1666597414,392,project-n8l2q
1666597429,392,project-n8l2q
1666596679,0,project-nlhcs
1666596694,1,project-nlhcs
1666596709,13,project-nlhcs
1666596724,16,project-nlhcs
1666596739,31,project-nlhcs
1666596754,40,project-nlhcs
1666596769,51,project-nlhcs
1666596784,60,project-nlhcs
1666596799,76,project-nlhcs
1666596814,83,project-nlhcs
1666596829,99,project-nlhcs
1666596844,105,project-nlhcs
1666596859,115,project-nlhcs
1666596874,122,project-nlhcs
1666596889,134,project-nlhcs
1666596904,139,project-nlhcs
1666596919,148,project-nlhcs
1666596934,157,project-nlhcs
1666596949,169,project-nlhcs
1666596964,176,project-nlhcs
1666596979,194,project-nlhcs
1666596994,200,project-nlhcs
1666597009,221,project-nlhcs
1666597024,232,project-nlhcs
1666597039,246,project-nlhcs
1666597054,252,project-nlhcs
1666597069,260,project-nlhcs
1666597084,265,project-nlhcs
1666597099,274,project-nlhcs
1666597114,279,project-nlhcs
1666597129,291,project-nlhcs
1666597144,301,project-nlhcs
1666597159,318,project-nlhcs
1666597174,320,project-nlhcs
1666597189,330,project-nlhcs
1666597204,336,project-nlhcs
1666597219,347,project-nlhcs
1666597234,355,project-nlhcs
1666597249,371,project-nlhcs
1666597264,380,project-nlhcs
1666597279,391,project-nlhcs
1666597294,390,project-nlhcs
1666597309,390,project-nlhcs
1666597324,390,project-nlhcs
1666597339,390,project-nlhcs
1666597354,390,project-nlhcs
1666597369,390,project-nlhcs
1666597384,390,project-nlhcs
1666597399,390,project-nlhcs
1666597414,390,project-nlhcs
1666597429,390,project-nlhcs
1666596679,0,project-nnn8f
1666596694,6,project-nnn8f
1666596709,16,project-nnn8f
1666596724,24,project-nnn8f
1666596739,38,project-nnn8f
1666596754,46,project-nnn8f
1666596769,55,project-nnn8f
1666596784,62,project-nnn8f
1666596799,73,project-nnn8f
1666596814,80,project-nnn8f
1666596829,95,project-nnn8f
1666596844,101,project-nnn8f
1666596859,112,project-nnn8f
1666596874,117,project-nnn8f
1666596889,128,project-nnn8f
1666596904,135,project-nnn8f
1666596919,145,project-nnn8f
1666596934,151,project-nnn8f
1666596949,167,project-nnn8f
1666596964,169,project-nnn8f
1666596979,177,project-nnn8f
1666596994,190,project-nnn8f
1666597009,208,project-nnn8f
1666597024,217,project-nnn8f
1666597039,227,project-nnn8f
1666597054,238,project-nnn8f
1666597069,248,project-nnn8f
1666597084,253,project-nnn8f
1666597099,270,project-nnn8f
1666597114,273,project-nnn8f
1666597129,282,project-nnn8f
1666597144,289,project-nnn8f
1666597159,301,project-nnn8f
1666597174,303,project-nnn8f
1666597189,318,project-nnn8f
1666597204,329,project-nnn8f
1666597219,336,project-nnn8f
1666597234,345,project-nnn8f
1666597249,358,project-nnn8f
1666597264,365,project-nnn8f
1666597279,368,project-nnn8f
1666597294,368,project-nnn8f
1666597309,368,project-nnn8f
1666597324,368,project-nnn8f
1666597339,368,project-nnn8f
1666597354,368,project-nnn8f
1666597369,368,project-nnn8f
1666597384,368,project-nnn8f
1666597399,368,project-nnn8f
1666597414,368,project-nnn8f
1666597429,368,project-nnn8f
1666596679,0,project-r6dwc
1666596694,10,project-r6dwc
1666596709,27,project-r6dwc
1666596724,33,project-r6dwc
1666596739,47,project-r6dwc
1666596754,58,project-r6dwc
1666596769,78,project-r6dwc
1666596784,84,project-r6dwc
1666596799,100,project-r6dwc
1666596814,106,project-r6dwc
1666596829,120,project-r6dwc
1666596844,123,project-r6dwc
1666596859,139,project-r6dwc
1666596874,149,project-r6dwc
1666596889,161,project-r6dwc
1666596904,168,project-r6dwc
1666596919,181,project-r6dwc
1666596934,187,project-r6dwc
1666596949,202,project-r6dwc
1666596964,209,project-r6dwc
1666596979,223,project-r6dwc
1666596994,226,project-r6dwc
1666597009,235,project-r6dwc
1666597024,239,project-r6dwc
1666597039,252,project-r6dwc
1666597054,255,project-r6dwc
1666597069,266,project-r6dwc
1666597084,275,project-r6dwc
1666597099,292,project-r6dwc
1666597114,303,project-r6dwc
1666597129,316,project-r6dwc
1666597144,324,project-r6dwc
1666597159,341,project-r6dwc
1666597174,348,project-r6dwc
1666597189,365,project-r6dwc
1666597204,371,project-r6dwc
1666597219,379,project-r6dwc
1666597234,384,project-r6dwc
1666597249,403,project-r6dwc
1666597264,407,project-r6dwc
1666597279,420,project-r6dwc
1666597294,421,project-r6dwc
1666597309,421,project-r6dwc
1666597324,421,project-r6dwc
1666597339,421,project-r6dwc
1666597354,421,project-r6dwc
1666597369,421,project-r6dwc
1666597384,421,project-r6dwc
1666597399,421,project-r6dwc
1666597414,421,project-r6dwc
1666597429,421,project-r6dwc
1666596679,0,project-tj7zt
1666596694,4,project-tj7zt
1666596709,19,project-tj7zt
1666596724,23,project-tj7zt
1666596739,28,project-tj7zt
1666596754,38,project-tj7zt
1666596769,54,project-tj7zt
1666596784,62,project-tj7zt
1666596799,74,project-tj7zt
1666596814,83,project-tj7zt
1666596829,95,project-tj7zt
1666596844,107,project-tj7zt
1666596859,128,project-tj7zt
1666596874,135,project-tj7zt
1666596889,151,project-tj7zt
1666596904,155,project-tj7zt
1666596919,169,project-tj7zt
1666596934,172,project-tj7zt
1666596949,185,project-tj7zt
1666596964,188,project-tj7zt
1666596979,200,project-tj7zt
1666596994,201,project-tj7zt
1666597009,212,project-tj7zt
1666597024,219,project-tj7zt
1666597039,238,project-tj7zt
1666597054,244,project-tj7zt
1666597069,258,project-tj7zt
1666597084,262,project-tj7zt
1666597099,282,project-tj7zt
1666597114,288,project-tj7zt
1666597129,297,project-tj7zt
1666597144,304,project-tj7zt
1666597159,313,project-tj7zt
1666597174,323,project-tj7zt
1666597189,339,project-tj7zt
1666597204,343,project-tj7zt
1666597219,356,project-tj7zt
1666597234,373,project-tj7zt
1666597249,383,project-tj7zt
1666597264,391,project-tj7zt
1666597279,407,project-tj7zt
1666597294,407,project-tj7zt
1666597309,407,project-tj7zt
1666597324,407,project-tj7zt
1666597339,407,project-tj7zt
1666597354,407,project-tj7zt
1666597369,407,project-tj7zt
1666597384,407,project-tj7zt
1666597399,407,project-tj7zt
1666597414,407,project-tj7zt
1666597429,407,project-tj7zt
1666596679,0,project-wvkg5
1666596694,4,project-wvkg5
1666596709,15,project-wvkg5
1666596724,22,project-wvkg5
1666596739,33,project-wvkg5
1666596754,38,project-wvkg5
1666596769,47,project-wvkg5
1666596784,53,project-wvkg5
1666596799,73,project-wvkg5
1666596814,81,project-wvkg5
1666596829,96,project-wvkg5
1666596844,105,project-wvkg5
1666596859,116,project-wvkg5
1666596874,129,project-wvkg5
1666596889,141,project-wvkg5
1666596904,149,project-wvkg5
1666596919,159,project-wvkg5
1666596934,163,project-wvkg5
1666596949,178,project-wvkg5
1666596964,183,project-wvkg5
1666596979,190,project-wvkg5
1666596994,203,project-wvkg5
1666597009,219,project-wvkg5
1666597024,223,project-wvkg5
1666597039,238,project-wvkg5
1666597054,242,project-wvkg5
1666597069,252,project-wvkg5
1666597084,259,project-wvkg5
1666597099,268,project-wvkg5
1666597114,275,project-wvkg5
1666597129,284,project-wvkg5
1666597144,290,project-wvkg5
1666597159,302,project-wvkg5
1666597174,306,project-wvkg5
1666597189,319,project-wvkg5
1666597204,327,project-wvkg5
1666597219,344,project-wvkg5
1666597234,353,project-wvkg5
1666597249,366,project-wvkg5
1666597264,370,project-wvkg5
1666597279,380,project-wvkg5
1666597294,383,project-wvkg5
1666597309,383,project-wvkg5
1666597324,383,project-wvkg5
1666597339,383,project-wvkg5
1666597354,383,project-wvkg5
1666597369,383,project-wvkg5
1666597384,383,project-wvkg5
1666597399,383,project-wvkg5
1666597414,383,project-wvkg5
1666597429,383,project-wvkg5
1666596679,0,project-z976v
1666596694,8,project-z976v
1666596709,18,project-z976v
1666596724,24,project-z976v
1666596739,39,project-z976v
1666596754,47,project-z976v
1666596769,60,project-z976v
1666596784,62,project-z976v
1666596799,70,project-z976v
1666596814,75,project-z976v
1666596829,89,project-z976v
1666596844,94,project-z976v
1666596859,103,project-z976v
1666596874,111,project-z976v
1666596889,123,project-z976v
1666596904,125,project-z976v
1666596919,135,project-z976v
1666596934,139,project-z976v
1666596949,156,project-z976v
1666596964,167,project-z976v
1666596979,176,project-z976v
1666596994,188,project-z976v
1666597009,194,project-z976v
1666597024,201,project-z976v
1666597039,207,project-z976v
1666597054,215,project-z976v
1666597069,226,project-z976v
1666597084,231,project-z976v
1666597099,243,project-z976v
1666597114,245,project-z976v
1666597129,260,project-z976v
1666597144,269,project-z976v
1666597159,289,project-z976v
1666597174,298,project-z976v
1666597189,312,project-z976v
1666597204,321,project-z976v
1666597219,335,project-z976v
1666597234,337,project-z976v
1666597249,345,project-z976v
1666597264,354,project-z976v
1666597279,366,project-z976v
1666597294,366,project-z976v
1666597309,366,project-z976v
1666597324,366,project-z976v
1666597339,366,project-z976v
1666597354,366,project-z976v
1666597369,366,project-z976v
1666597384,366,project-z976v
1666597399,366,project-z976v
1666597414,366,project-z976v
1666597429,366,project-z976v
1666596679,0,project-zdzbq
1666596694,8,project-zdzbq
1666596709,22,project-zdzbq
1666596724,25,project-zdzbq
1666596739,39,project-zdzbq
1666596754,46,project-zdzbq
1666596769,56,project-zdzbq
1666596784,65,project-zdzbq
1666596799,74,project-zdzbq
1666596814,78,project-zdzbq
1666596829,90,project-zdzbq
1666596844,93,project-zdzbq
1666596859,109,project-zdzbq
1666596874,112,project-zdzbq
1666596889,131,project-zdzbq
1666596904,136,project-zdzbq
1666596919,151,project-zdzbq
1666596934,157,project-zdzbq
1666596949,172,project-zdzbq
1666596964,182,project-zdzbq
1666596979,198,project-zdzbq
1666596994,206,project-zdzbq
1666597009,220,project-zdzbq
1666597024,229,project-zdzbq
1666597039,238,project-zdzbq
1666597054,247,project-zdzbq
1666597069,253,project-zdzbq
1666597084,260,project-zdzbq
1666597099,273,project-zdzbq
1666597114,277,project-zdzbq
1666597129,294,project-zdzbq
1666597144,307,project-zdzbq
1666597159,321,project-zdzbq
1666597174,324,project-zdzbq
1666597189,340,project-zdzbq
1666597204,347,project-zdzbq
1666597219,357,project-zdzbq
1666597234,360,project-zdzbq
1666597249,370,project-zdzbq
1666597264,373,project-zdzbq
1666597279,377,project-zdzbq
1666597294,377,project-zdzbq
1666597309,377,project-zdzbq
1666597324,377,project-zdzbq
1666597339,377,project-zdzbq
1666597354,377,project-zdzbq
1666597369,377,project-zdzbq
1666597384,377,project-zdzbq
1666597399,377,project-zdzbq
1666597414,377,project-zdzbq
1666597429,377,project-zdzbq
