ts,value,theme
1666592682,0,theme-2pbdp
1666592697,0,theme-2pbdp
1666592712,5,theme-2pbdp
1666592727,5,theme-2pbdp
1666592742,10,theme-2pbdp
1666592757,10,theme-2pbdp
1666592772,14,theme-2pbdp
1666592787,15,theme-2pbdp
1666592802,24,theme-2pbdp
1666592817,25,theme-2pbdp
1666592832,30,theme-2pbdp
1666592847,33,theme-2pbdp
1666592862,41,theme-2pbdp
1666592877,43,theme-2pbdp
1666592892,48,theme-2pbdp
1666592907,51,theme-2pbdp
1666592922,58,theme-2pbdp
1666592937,63,theme-2pbdp
1666592952,66,theme-2pbdp
1666592967,69,theme-2pbdp
1666592982,73,theme-2pbdp
1666592997,76,theme-2pbdp
1666593012,78,theme-2pbdp
1666593027,80,theme-2pbdp
1666593042,82,theme-2pbdp
1666593057,85,theme-2pbdp
1666593072,92,theme-2pbdp
1666593087,96,theme-2pbdp
1666593102,104,theme-2pbdp
1666593117,108,theme-2pbdp
1666593132,113,theme-2pbdp
1666593147,114,theme-2pbdp
1666593162,118,theme-2pbdp
1666593177,121,theme-2pbdp
1666593192,130,theme-2pbdp
1666593207,130,theme-2pbdp
1666593222,134,theme-2pbdp
1666593237,138,theme-2pbdp
1666593252,142,theme-2pbdp
1666593267,147,theme-2pbdp
1666593282,151,theme-2pbdp
1666593297,154,theme-2pbdp
1666593312,154,theme-2pbdp
1666593327,154,theme-2pbdp
1666593342,154,theme-2pbdp
1666593357,154,theme-2pbdp
1666593372,154,theme-2pbdp
1666593387,154,theme-2pbdp
1666593402,154,theme-2pbdp
1666593417,154,theme-2pbdp
1666593432,154,theme-2pbdp
1666593447,154,theme-2pbdp
1666592682,0,theme-489f2
1666592697,0,theme-489f2
1666592712,4,theme-489f2
1666592727,8,theme-489f2
1666592742,13,theme-489f2
1666592757,15,theme-489f2
1666592772,18,theme-489f2
1666592787,22,theme-489f2
1666592802,28,theme-489f2
1666592817,31,theme-489f2
1666592832,35,theme-489f2
1666592847,36,theme-489f2
1666592862,40,theme-489f2
1666592877,41,theme-489f2
1666592892,47,theme-489f2
1666592907,49,theme-489f2
1666592922,52,theme-489f2
1666592937,53,theme-489f2
1666592952,55,theme-489f2
1666592967,58,theme-489f2
1666592982,67,theme-489f2
1666592997,69,theme-489f2
1666593012,72,theme-489f2
1666593027,74,theme-489f2
1666593042,82,theme-489f2
1666593057,83,theme-489f2
1666593072,86,theme-489f2
1666593087,86,theme-489f2
1666593102,91,theme-489f2
1666593117,93,theme-489f2
1666593132,98,theme-489f2
1666593147,98,theme-489f2
1666593162,106,theme-489f2
1666593177,106,theme-489f2
1666593192,109,theme-489f2
1666593207,109,theme-489f2
1666593222,115,theme-489f2
1666593237,119,theme-489f2
1666593252,122,theme-489f2
1666593267,124,theme-489f2
1666593282,132,theme-489f2
1666593297,136,theme-489f2
1666593312,138,theme-489f2
1666593327,138,theme-489f2
1666593342,138,theme-489f2
1666593357,138,theme-489f2
1666593372,138,theme-489f2
1666593387,138,theme-489f2
1666593402,138,theme-489f2
1666593417,138,theme-489f2
1666593432,138,theme-489f2
1666593447,138,theme-489f2
1666592682,0,theme-4hm6d
1666592697,0,theme-4hm6d
1666592712,3,theme-4hm6d
1666592727,5,theme-4hm6d
1666592742,6,theme-4hm6d
1666592757,9,theme-4hm6d
1666592772,12,theme-4hm6d
1666592787,13,theme-4hm6d
1666592802,20,theme-4hm6d
1666592817,22,theme-4hm6d
1666592832,25,theme-4hm6d
1666592847,30,theme-4hm6d
1666592862,31,theme-4hm6d
1666592877,32,theme-4hm6d
1666592892,37,theme-4hm6d
1666592907,40,theme-4hm6d
1666592922,45,theme-4hm6d
1666592937,47,theme-4hm6d
1666592952,53,theme-4hm6d
1666592967,58,theme-4hm6d
1666592982,61,theme-4hm6d
1666592997,64,theme-4hm6d
1666593012,69,theme-4hm6d
1666593027,72,theme-4hm6d
1666593042,80,theme-4hm6d
1666593057,82,theme-4hm6d
1666593072,89,theme-4hm6d
1666593087,91,theme-4hm6d
1666593102,97,theme-4hm6d
1666593117,98,theme-4hm6d
1666593132,102,theme-4hm6d
1666593147,111,theme-4hm6d
1666593162,116,theme-4hm6d
1666593177,117,theme-4hm6d
1666593192,123,theme-4hm6d
1666593207,125,theme-4hm6d
1666593222,128,theme-4hm6d
1666593237,128,theme-4hm6d
1666593252,130,theme-4hm6d
1666593267,131,theme-4hm6d
1666593282,135,theme-4hm6d
1666593297,136,theme-4hm6d
1666593312,139,theme-4hm6d
1666593327,139,theme-4hm6d
1666593342,139,theme-4hm6d
1666593357,139,theme-4hm6d
1666593372,139,theme-4hm6d
1666593387,139,theme-4hm6d
1666593402,139,theme-4hm6d
1666593417,139,theme-4hm6d
1666593432,139,theme-4hm6d
1666593447,139,theme-4hm6d
1666592682,0,theme-4spqx
1666592697,0,theme-4spqx
1666592712,3,theme-4spqx
1666592727,5,theme-4spqx
1666592742,14,theme-4spqx
1666592757,15,theme-4spqx
1666592772,22,theme-4spqx
1666592787,28,theme-4spqx
1666592802,36,theme-4spqx
1666592817,38,theme-4spqx
1666592832,46,theme-4spqx
1666592847,46,theme-4spqx
1666592862,51,theme-4spqx
1666592877,56,theme-4spqx
1666592892,63,theme-4spqx
1666592907,65,theme-4spqx
1666592922,72,theme-4spqx
1666592937,73,theme-4spqx
1666592952,81,theme-4spqx
1666592967,84,theme-4spqx
1666592982,90,theme-4spqx
1666592997,96,theme-4spqx
1666593012,102,theme-4spqx
1666593027,106,theme-4spqx
1666593042,116,theme-4spqx
1666593057,117,theme-4spqx
1666593072,124,theme-4spqx
1666593087,126,theme-4spqx
1666593102,130,theme-4spqx
1666593117,132,theme-4spqx
1666593132,138,theme-4spqx
1666593147,142,theme-4spqx
1666593162,146,theme-4spqx
1666593177,146,theme-4spqx
1666593192,148,theme-4spqx
1666593207,149,theme-4spqx
1666593222,151,theme-4spqx
1666593237,151,theme-4spqx
1666593252,155,theme-4spqx
1666593267,163,theme-4spqx
1666593282,165,theme-4spqx
1666593297,168,theme-4spqx
1666593312,167,theme-4spqx
1666593327,167,theme-4spqx
1666593342,167,theme-4spqx
1666593357,167,theme-4spqx
1666593372,167,theme-4spqx
1666593387,167,theme-4spqx
1666593402,167,theme-4spqx
1666593417,167,theme-4spqx
1666593432,167,theme-4spqx
1666593447,167,theme-4spqx
1666592682,0,theme-4vdqf
1666592697,0,theme-4vdqf
1666592712,5,theme-4vdqf
1666592727,10,theme-4vdqf
1666592742,16,theme-4vdqf
1666592757,20,theme-4vdqf
1666592772,24,theme-4vdqf
1666592787,28,theme-4vdqf
1666592802,29,theme-4vdqf
1666592817,31,theme-4vdqf
1666592832,38,theme-4vdqf
1666592847,40,theme-4vdqf
1666592862,43,theme-4vdqf
1666592877,46,theme-4vdqf
1666592892,52,theme-4vdqf
1666592907,55,theme-4vdqf
1666592922,60,theme-4vdqf
1666592937,62,theme-4vdqf
1666592952,64,theme-4vdqf
1666592967,69,theme-4vdqf
1666592982,78,theme-4vdqf
1666592997,81,theme-4vdqf
1666593012,84,theme-4vdqf
1666593027,86,theme-4vdqf
1666593042,91,theme-4vdqf
1666593057,91,theme-4vdqf
1666593072,97,theme-4vdqf
1666593087,101,theme-4vdqf
1666593102,104,theme-4vdqf
1666593117,112,theme-4vdqf
1666593132,115,theme-4vdqf
1666593147,117,theme-4vdqf
1666593162,124,theme-4vdqf
1666593177,126,theme-4vdqf
1666593192,134,theme-4vdqf
1666593207,137,theme-4vdqf
1666593222,142,theme-4vdqf
1666593237,144,theme-4vdqf
1666593252,148,theme-4vdqf
1666593267,148,theme-4vdqf
1666593282,152,theme-4vdqf
1666593297,155,theme-4vdqf
1666593312,158,theme-4vdqf
1666593327,158,theme-4vdqf
1666593342,158,theme-4vdqf
1666593357,158,theme-4vdqf
1666593372,158,theme-4vdqf
1666593387,158,theme-4vdqf
1666593402,158,theme-4vdqf
1666593417,158,theme-4vdqf
1666593432,158,theme-4vdqf
1666593447,158,theme-4vdqf
1666592682,0,theme-55h5v
1666592697,0,theme-55h5v
1666592712,3,theme-55h5v
1666592727,5,theme-55h5v
1666592742,8,theme-55h5v
1666592757,8,theme-55h5v
1666592772,18,theme-55h5v
1666592787,19,theme-55h5v
1666592802,29,theme-55h5v
1666592817,34,theme-55h5v
1666592832,43,theme-55h5v
1666592847,43,theme-55h5v
1666592862,49,theme-55h5v
1666592877,50,theme-55h5v
1666592892,52,theme-55h5v
1666592907,56,theme-55h5v
1666592922,62,theme-55h5v
1666592937,64,theme-55h5v
1666592952,68,theme-55h5v
1666592967,70,theme-55h5v
1666592982,73,theme-55h5v
1666592997,75,theme-55h5v
1666593012,81,theme-55h5v
1666593027,83,theme-55h5v
1666593042,91,theme-55h5v
1666593057,92,theme-55h5v
1666593072,98,theme-55h5v
1666593087,99,theme-55h5v
1666593102,111,theme-55h5v
1666593117,113,theme-55h5v
1666593132,121,theme-55h5v
1666593147,124,theme-55h5v
1666593162,130,theme-55h5v
1666593177,132,theme-55h5v
1666593192,136,theme-55h5v
1666593207,139,theme-55h5v
1666593222,141,theme-55h5v
1666593237,145,theme-55h5v
1666593252,152,theme-55h5v
1666593267,156,theme-55h5v
1666593282,162,theme-55h5v
1666593297,165,theme-55h5v
1666593312,166,theme-55h5v
1666593327,166,theme-55h5v
1666593342,166,theme-55h5v
1666593357,166,theme-55h5v
1666593372,166,theme-55h5v
1666593387,166,theme-55h5v
1666593402,166,theme-55h5v
1666593417,166,theme-55h5v
1666593432,166,theme-55h5v
1666593447,166,theme-55h5v
1666592682,0,theme-5h9hz
1666592697,0,theme-5h9hz
1666592712,5,theme-5h9hz
1666592727,7,theme-5h9hz
1666592742,13,theme-5h9hz
1666592757,20,theme-5h9hz
1666592772,25,theme-5h9hz
1666592787,30,theme-5h9hz
1666592802,34,theme-5h9hz
1666592817,38,theme-5h9hz
1666592832,45,theme-5h9hz
1666592847,48,theme-5h9hz
1666592862,51,theme-5h9hz
1666592877,53,theme-5h9hz
1666592892,56,theme-5h9hz
1666592907,60,theme-5h9hz
1666592922,62,theme-5h9hz
1666592937,63,theme-5h9hz
1666592952,71,theme-5h9hz
1666592967,74,theme-5h9hz
1666592982,79,theme-5h9hz
1666592997,81,theme-5h9hz
1666593012,86,theme-5h9hz
1666593027,88,theme-5h9hz
1666593042,95,theme-5h9hz
1666593057,96,theme-5h9hz
1666593072,101,theme-5h9hz
1666593087,105,theme-5h9hz
1666593102,110,theme-5h9hz
1666593117,109,theme-5h9hz
1666593132,121,theme-5h9hz
1666593147,124,theme-5h9hz
1666593162,130,theme-5h9hz
1666593177,134,theme-5h9hz
1666593192,139,theme-5h9hz
1666593207,141,theme-5h9hz
1666593222,145,theme-5h9hz
1666593237,146,theme-5h9hz
1666593252,150,theme-5h9hz
1666593267,153,theme-5h9hz
1666593282,156,theme-5h9hz
1666593297,160,theme-5h9hz
1666593312,163,theme-5h9hz
1666593327,163,theme-5h9hz
1666593342,163,theme-5h9hz
1666593357,163,theme-5h9hz
1666593372,163,theme-5h9hz
1666593387,163,theme-5h9hz
1666593402,163,theme-5h9hz
1666593417,163,theme-5h9hz
1666593432,163,theme-5h9hz
1666593447,163,theme-5h9hz
1666592682,0,theme-5m9wt
1666592697,0,theme-5m9wt
1666592712,7,theme-5m9wt
1666592727,13,theme-5m9wt
1666592742,16,theme-5m9wt
1666592757,16,theme-5m9wt
1666592772,20,theme-5m9wt
1666592787,25,theme-5m9wt
1666592802,30,theme-5m9wt
1666592817,32,theme-5m9wt
1666592832,37,theme-5m9wt
1666592847,38,theme-5m9wt
1666592862,41,theme-5m9wt
1666592877,41,theme-5m9wt
1666592892,47,theme-5m9wt
1666592907,50,theme-5m9wt
1666592922,54,theme-5m9wt
1666592937,55,theme-5m9wt
1666592952,62,theme-5m9wt
1666592967,64,theme-5m9wt
1666592982,68,theme-5m9wt
1666592997,70,theme-5m9wt
1666593012,75,theme-5m9wt
1666593027,79,theme-5m9wt
1666593042,88,theme-5m9wt
1666593057,91,theme-5m9wt
1666593072,95,theme-5m9wt
1666593087,100,theme-5m9wt
1666593102,106,theme-5m9wt
1666593117,109,theme-5m9wt
1666593132,118,theme-5m9wt
1666593147,123,theme-5m9wt
1666593162,131,theme-5m9wt
1666593177,132,theme-5m9wt
1666593192,143,theme-5m9wt
1666593207,147,theme-5m9wt
1666593222,151,theme-5m9wt
1666593237,156,theme-5m9wt
1666593252,161,theme-5m9wt
1666593267,164,theme-5m9wt
1666593282,174,theme-5m9wt
1666593297,181,theme-5m9wt
1666593312,186,theme-5m9wt
1666593327,186,theme-5m9wt
1666593342,186,theme-5m9wt
1666593357,186,theme-5m9wt
1666593372,186,theme-5m9wt
1666593387,186,theme-5m9wt
1666593402,186,theme-5m9wt
1666593417,186,theme-5m9wt
1666593432,186,theme-5m9wt
1666593447,186,theme-5m9wt
1666592682,0,theme-5qqc5
1666592697,0,theme-5qqc5
1666592712,3,theme-5qqc5
1666592727,7,theme-5qqc5
1666592742,9,theme-5qqc5
1666592757,12,theme-5qqc5
1666592772,13,theme-5qqc5
1666592787,15,theme-5qqc5
1666592802,20,theme-5qqc5
1666592817,24,theme-5qqc5
1666592832,29,theme-5qqc5
1666592847,32,theme-5qqc5
1666592862,38,theme-5qqc5
1666592877,40,theme-5qqc5
1666592892,45,theme-5qqc5
1666592907,47,theme-5qqc5
1666592922,50,theme-5qqc5
1666592937,51,theme-5qqc5
1666592952,56,theme-5qqc5
1666592967,58,theme-5qqc5
1666592982,64,theme-5qqc5
1666592997,68,theme-5qqc5
1666593012,75,theme-5qqc5
1666593027,75,theme-5qqc5
1666593042,81,theme-5qqc5
1666593057,81,theme-5qqc5
1666593072,89,theme-5qqc5
1666593087,90,theme-5qqc5
1666593102,96,theme-5qqc5
1666593117,98,theme-5qqc5
1666593132,101,theme-5qqc5
1666593147,103,theme-5qqc5
1666593162,111,theme-5qqc5
1666593177,112,theme-5qqc5
1666593192,120,theme-5qqc5
1666593207,121,theme-5qqc5
1666593222,123,theme-5qqc5
1666593237,127,theme-5qqc5
1666593252,131,theme-5qqc5
1666593267,134,theme-5qqc5
1666593282,138,theme-5qqc5
1666593297,141,theme-5qqc5
1666593312,141,theme-5qqc5
1666593327,141,theme-5qqc5
1666593342,141,theme-5qqc5
1666593357,141,theme-5qqc5
1666593372,141,theme-5qqc5
1666593387,141,theme-5qqc5
1666593402,141,theme-5qqc5
1666593417,141,theme-5qqc5
1666593432,141,theme-5qqc5
1666593447,141,theme-5qqc5
1666592682,0,theme-6hnml
1666592697,0,theme-6hnml
1666592712,4,theme-6hnml
1666592727,8,theme-6hnml
1666592742,15,theme-6hnml
1666592757,18,theme-6hnml
1666592772,24,theme-6hnml
1666592787,24,theme-6hnml
1666592802,28,theme-6hnml
1666592817,32,theme-6hnml
1666592832,39,theme-6hnml
1666592847,42,theme-6hnml
1666592862,45,theme-6hnml
1666592877,45,theme-6hnml
1666592892,49,theme-6hnml
1666592907,55,theme-6hnml
1666592922,58,theme-6hnml
1666592937,60,theme-6hnml
1666592952,65,theme-6hnml
1666592967,69,theme-6hnml
1666592982,74,theme-6hnml
1666592997,79,theme-6hnml
1666593012,84,theme-6hnml
1666593027,87,theme-6hnml
1666593042,96,theme-6hnml
1666593057,95,theme-6hnml
1666593072,102,theme-6hnml
1666593087,106,theme-6hnml
1666593102,112,theme-6hnml
1666593117,115,theme-6hnml
1666593132,123,theme-6hnml
1666593147,125,theme-6hnml
1666593162,130,theme-6hnml
1666593177,132,theme-6hnml
1666593192,139,theme-6hnml
1666593207,145,theme-6hnml
1666593222,149,theme-6hnml
1666593237,152,theme-6hnml
1666593252,159,theme-6hnml
1666593267,159,theme-6hnml
1666593282,161,theme-6hnml
1666593297,161,theme-6hnml
1666593312,163,theme-6hnml
1666593327,163,theme-6hnml
1666593342,163,theme-6hnml
1666593357,163,theme-6hnml
1666593372,163,theme-6hnml
1666593387,163,theme-6hnml
1666593402,163,theme-6hnml
1666593417,163,theme-6hnml
1666593432,163,theme-6hnml
1666593447,163,theme-6hnml
1666592682,0,theme-7ftws
1666592697,0,theme-7ftws
1666592712,3,theme-7ftws
1666592727,6,theme-7ftws
1666592742,9,theme-7ftws
1666592757,11,theme-7ftws
1666592772,15,theme-7ftws
1666592787,17,theme-7ftws
1666592802,22,theme-7ftws
1666592817,26,theme-7ftws
1666592832,33,theme-7ftws
1666592847,37,theme-7ftws
1666592862,43,theme-7ftws
1666592877,45,theme-7ftws
1666592892,45,theme-7ftws
1666592907,49,theme-7ftws
1666592922,49,theme-7ftws
1666592937,51,theme-7ftws
1666592952,57,theme-7ftws
1666592967,57,theme-7ftws
1666592982,65,theme-7ftws
1666592997,66,theme-7ftws
1666593012,74,theme-7ftws
1666593027,73,theme-7ftws
1666593042,74,theme-7ftws
1666593057,80,theme-7ftws
1666593072,86,theme-7ftws
1666593087,87,theme-7ftws
1666593102,94,theme-7ftws
1666593117,97,theme-7ftws
1666593132,99,theme-7ftws
1666593147,102,theme-7ftws
1666593162,108,theme-7ftws
1666593177,111,theme-7ftws
1666593192,117,theme-7ftws
1666593207,119,theme-7ftws
1666593222,123,theme-7ftws
1666593237,123,theme-7ftws
1666593252,128,theme-7ftws
1666593267,132,theme-7ftws
1666593282,137,theme-7ftws
1666593297,142,theme-7ftws
1666593312,147,theme-7ftws
1666593327,147,theme-7ftws
1666593342,147,theme-7ftws
1666593357,147,theme-7ftws
1666593372,147,theme-7ftws
1666593387,147,theme-7ftws
1666593402,147,theme-7ftws
1666593417,147,theme-7ftws
1666593432,147,theme-7ftws
1666593447,147,theme-7ftws
1666592682,0,theme-7sz4x
1666592697,0,theme-7sz4x
1666592712,1,theme-7sz4x
1666592727,5,theme-7sz4x
1666592742,12,theme-7sz4x
1666592757,17,theme-7sz4x
1666592772,29,theme-7sz4x
1666592787,35,theme-7sz4x
1666592802,41,theme-7sz4x
1666592817,45,theme-7sz4x
1666592832,51,theme-7sz4x
1666592847,52,theme-7sz4x
1666592862,59,theme-7sz4x
1666592877,61,theme-7sz4x
1666592892,68,theme-7sz4x
1666592907,70,theme-7sz4x
1666592922,77,theme-7sz4x
1666592937,82,theme-7sz4x
1666592952,89,theme-7sz4x
1666592967,90,theme-7sz4x
1666592982,91,theme-7sz4x
1666592997,91,theme-7sz4x
1666593012,99,theme-7sz4x
1666593027,103,theme-7sz4x
1666593042,107,theme-7sz4x
1666593057,109,theme-7sz4x
1666593072,111,theme-7sz4x
1666593087,115,theme-7sz4x
1666593102,119,theme-7sz4x
1666593117,121,theme-7sz4x
1666593132,123,theme-7sz4x
1666593147,125,theme-7sz4x
1666593162,132,theme-7sz4x
1666593177,135,theme-7sz4x
1666593192,136,theme-7sz4x
1666593207,141,theme-7sz4x
1666593222,146,theme-7sz4x
1666593237,152,theme-7sz4x
1666593252,158,theme-7sz4x
1666593267,162,theme-7sz4x
1666593282,161,theme-7sz4x
1666593297,166,theme-7sz4x
1666593312,167,theme-7sz4x
1666593327,167,theme-7sz4x
1666593342,167,theme-7sz4x
1666593357,167,theme-7sz4x
1666593372,167,theme-7sz4x
1666593387,167,theme-7sz4x
1666593402,167,theme-7sz4x
1666593417,167,theme-7sz4x
1666593432,167,theme-7sz4x
1666593447,167,theme-7sz4x
1666592682,0,theme-7wf7b
1666592697,0,theme-7wf7b
1666592712,2,theme-7wf7b
1666592727,5,theme-7wf7b
1666592742,10,theme-7wf7b
1666592757,16,theme-7wf7b
1666592772,23,theme-7wf7b
1666592787,24,theme-7wf7b
1666592802,31,theme-7wf7b
1666592817,34,theme-7wf7b
1666592832,38,theme-7wf7b
1666592847,38,theme-7wf7b
1666592862,51,theme-7wf7b
1666592877,54,theme-7wf7b
1666592892,59,theme-7wf7b
1666592907,61,theme-7wf7b
1666592922,61,theme-7wf7b
1666592937,64,theme-7wf7b
1666592952,70,theme-7wf7b
1666592967,72,theme-7wf7b
1666592982,74,theme-7wf7b
1666592997,74,theme-7wf7b
1666593012,82,theme-7wf7b
1666593027,87,theme-7wf7b
1666593042,87,theme-7wf7b
1666593057,90,theme-7wf7b
1666593072,95,theme-7wf7b
1666593087,99,theme-7wf7b
1666593102,101,theme-7wf7b
1666593117,104,theme-7wf7b
1666593132,110,theme-7wf7b
1666593147,113,theme-7wf7b
1666593162,115,theme-7wf7b
1666593177,118,theme-7wf7b
1666593192,120,theme-7wf7b
1666593207,122,theme-7wf7b
1666593222,128,theme-7wf7b
1666593237,132,theme-7wf7b
1666593252,141,theme-7wf7b
1666593267,147,theme-7wf7b
1666593282,153,theme-7wf7b
1666593297,152,theme-7wf7b
1666593312,156,theme-7wf7b
1666593327,156,theme-7wf7b
1666593342,156,theme-7wf7b
1666593357,156,theme-7wf7b
1666593372,156,theme-7wf7b
1666593387,156,theme-7wf7b
1666593402,156,theme-7wf7b
1666593417,156,theme-7wf7b
1666593432,156,theme-7wf7b
1666593447,156,theme-7wf7b
1666592682,0,theme-85gsp
1666592697,0,theme-85gsp
1666592712,5,theme-85gsp
1666592727,9,theme-85gsp
1666592742,20,theme-85gsp
1666592757,22,theme-85gsp
1666592772,27,theme-85gsp
1666592787,30,theme-85gsp
1666592802,36,theme-85gsp
1666592817,40,theme-85gsp
1666592832,44,theme-85gsp
1666592847,46,theme-85gsp
1666592862,51,theme-85gsp
1666592877,52,theme-85gsp
1666592892,56,theme-85gsp
1666592907,58,theme-85gsp
1666592922,62,theme-85gsp
1666592937,65,theme-85gsp
1666592952,69,theme-85gsp
1666592967,69,theme-85gsp
1666592982,76,theme-85gsp
1666592997,76,theme-85gsp
1666593012,82,theme-85gsp
1666593027,84,theme-85gsp
1666593042,90,theme-85gsp
1666593057,93,theme-85gsp
1666593072,99,theme-85gsp
1666593087,102,theme-85gsp
1666593102,110,theme-85gsp
1666593117,115,theme-85gsp
1666593132,119,theme-85gsp
1666593147,123,theme-85gsp
1666593162,127,theme-85gsp
1666593177,130,theme-85gsp
1666593192,133,theme-85gsp
1666593207,138,theme-85gsp
1666593222,145,theme-85gsp
1666593237,145,theme-85gsp
1666593252,148,theme-85gsp
1666593267,150,theme-85gsp
1666593282,157,theme-85gsp
1666593297,160,theme-85gsp
1666593312,162,theme-85gsp
1666593327,162,theme-85gsp
1666593342,162,theme-85gsp
1666593357,162,theme-85gsp
1666593372,162,theme-85gsp
1666593387,162,theme-85gsp
1666593402,162,theme-85gsp
1666593417,162,theme-85gsp
1666593432,162,theme-85gsp
1666593447,162,theme-85gsp
1666592682,0,theme-8f4wc
1666592697,0,theme-8f4wc
1666592712,5,theme-8f4wc
1666592727,8,theme-8f4wc
1666592742,14,theme-8f4wc
1666592757,16,theme-8f4wc
1666592772,21,theme-8f4wc
1666592787,22,theme-8f4wc
1666592802,26,theme-8f4wc
1666592817,29,theme-8f4wc
1666592832,33,theme-8f4wc
1666592847,38,theme-8f4wc
1666592862,40,theme-8f4wc
1666592877,45,theme-8f4wc
1666592892,50,theme-8f4wc
1666592907,54,theme-8f4wc
1666592922,57,theme-8f4wc
1666592937,58,theme-8f4wc
1666592952,61,theme-8f4wc
1666592967,64,theme-8f4wc
1666592982,71,theme-8f4wc
1666592997,73,theme-8f4wc
1666593012,78,theme-8f4wc
1666593027,81,theme-8f4wc
1666593042,87,theme-8f4wc
1666593057,89,theme-8f4wc
1666593072,96,theme-8f4wc
1666593087,99,theme-8f4wc
1666593102,103,theme-8f4wc
1666593117,106,theme-8f4wc
1666593132,109,theme-8f4wc
1666593147,110,theme-8f4wc
1666593162,117,theme-8f4wc
1666593177,120,theme-8f4wc
1666593192,123,theme-8f4wc
1666593207,128,theme-8f4wc
1666593222,135,theme-8f4wc
1666593237,138,theme-8f4wc
1666593252,144,theme-8f4wc
1666593267,145,theme-8f4wc
1666593282,150,theme-8f4wc
1666593297,152,theme-8f4wc
1666593312,154,theme-8f4wc
1666593327,154,theme-8f4wc
1666593342,154,theme-8f4wc
1666593357,154,theme-8f4wc
1666593372,154,theme-8f4wc
1666593387,154,theme-8f4wc
1666593402,154,theme-8f4wc
1666593417,154,theme-8f4wc
1666593432,154,theme-8f4wc
1666593447,154,theme-8f4wc
1666592682,0,theme-9njzn
1666592697,0,theme-9njzn
1666592712,2,theme-9njzn
1666592727,5,theme-9njzn
1666592742,12,theme-9njzn
1666592757,11,theme-9njzn
1666592772,15,theme-9njzn
1666592787,15,theme-9njzn
1666592802,19,theme-9njzn
1666592817,22,theme-9njzn
1666592832,29,theme-9njzn
1666592847,31,theme-9njzn
1666592862,35,theme-9njzn
1666592877,37,theme-9njzn
1666592892,44,theme-9njzn
1666592907,51,theme-9njzn
1666592922,58,theme-9njzn
1666592937,60,theme-9njzn
1666592952,61,theme-9njzn
1666592967,63,theme-9njzn
1666592982,66,theme-9njzn
1666592997,68,theme-9njzn
1666593012,72,theme-9njzn
1666593027,74,theme-9njzn
1666593042,78,theme-9njzn
1666593057,81,theme-9njzn
1666593072,89,theme-9njzn
1666593087,91,theme-9njzn
1666593102,97,theme-9njzn
1666593117,99,theme-9njzn
1666593132,102,theme-9njzn
1666593147,104,theme-9njzn
1666593162,115,theme-9njzn
1666593177,115,theme-9njzn
1666593192,125,theme-9njzn
1666593207,126,theme-9njzn
1666593222,138,theme-9njzn
1666593237,142,theme-9njzn
1666593252,145,theme-9njzn
1666593267,149,theme-9njzn
1666593282,153,theme-9njzn
1666593297,153,theme-9njzn
1666593312,156,theme-9njzn
1666593327,156,theme-9njzn
1666593342,156,theme-9njzn
1666593357,156,theme-9njzn
1666593372,156,theme-9njzn
1666593387,156,theme-9njzn
1666593402,156,theme-9njzn
1666593417,156,theme-9njzn
1666593432,156,theme-9njzn
1666593447,156,theme-9njzn
1666592682,0,theme-b2vm6
1666592697,0,theme-b2vm6
1666592712,2,theme-b2vm6
1666592727,5,theme-b2vm6
1666592742,14,theme-b2vm6
1666592757,16,theme-b2vm6
1666592772,25,theme-b2vm6
1666592787,27,theme-b2vm6
1666592802,30,theme-b2vm6
1666592817,32,theme-b2vm6
1666592832,36,theme-b2vm6
1666592847,38,theme-b2vm6
1666592862,44,theme-b2vm6
1666592877,46,theme-b2vm6
1666592892,55,theme-b2vm6
1666592907,56,theme-b2vm6
1666592922,59,theme-b2vm6
1666592937,62,theme-b2vm6
1666592952,66,theme-b2vm6
1666592967,68,theme-b2vm6
1666592982,72,theme-b2vm6
1666592997,74,theme-b2vm6
1666593012,81,theme-b2vm6
1666593027,83,theme-b2vm6
1666593042,84,theme-b2vm6
1666593057,84,theme-b2vm6
1666593072,96,theme-b2vm6
1666593087,100,theme-b2vm6
1666593102,105,theme-b2vm6
1666593117,108,theme-b2vm6
1666593132,113,theme-b2vm6
1666593147,118,theme-b2vm6
1666593162,129,theme-b2vm6
1666593177,132,theme-b2vm6
1666593192,134,theme-b2vm6
1666593207,136,theme-b2vm6
1666593222,141,theme-b2vm6
1666593237,144,theme-b2vm6
1666593252,156,theme-b2vm6
1666593267,160,theme-b2vm6
1666593282,164,theme-b2vm6
1666593297,168,theme-b2vm6
1666593312,172,theme-b2vm6
1666593327,172,theme-b2vm6
1666593342,172,theme-b2vm6
1666593357,172,theme-b2vm6
1666593372,172,theme-b2vm6
1666593387,172,theme-b2vm6
1666593402,172,theme-b2vm6
1666593417,172,theme-b2vm6
1666593432,172,theme-b2vm6
1666593447,172,theme-b2vm6
1666592682,0,theme-b97jp
1666592697,0,theme-b97jp
1666592712,6,theme-b97jp
1666592727,9,theme-b97jp
1666592742,14,theme-b97jp
1666592757,19,theme-b97jp
1666592772,21,theme-b97jp
1666592787,23,theme-b97jp
1666592802,24,theme-b97jp
1666592817,25,theme-b97jp
1666592832,29,theme-b97jp
1666592847,31,theme-b97jp
1666592862,36,theme-b97jp
1666592877,36,theme-b97jp
1666592892,43,theme-b97jp
1666592907,45,theme-b97jp
1666592922,50,theme-b97jp
1666592937,54,theme-b97jp
1666592952,63,theme-b97jp
1666592967,66,theme-b97jp
1666592982,70,theme-b97jp
1666592997,73,theme-b97jp
1666593012,75,theme-b97jp
1666593027,78,theme-b97jp
1666593042,85,theme-b97jp
1666593057,86,theme-b97jp
1666593072,91,theme-b97jp
1666593087,92,theme-b97jp
1666593102,99,theme-b97jp
1666593117,103,theme-b97jp
1666593132,104,theme-b97jp
1666593147,105,theme-b97jp
1666593162,108,theme-b97jp
1666593177,115,theme-b97jp
1666593192,120,theme-b97jp
1666593207,122,theme-b97jp
1666593222,129,theme-b97jp
1666593237,132,theme-b97jp
1666593252,138,theme-b97jp
1666593267,139,theme-b97jp
1666593282,151,theme-b97jp
1666593297,156,theme-b97jp
1666593312,158,theme-b97jp
1666593327,158,theme-b97jp
1666593342,158,theme-b97jp
1666593357,158,theme-b97jp
1666593372,158,theme-b97jp
1666593387,158,theme-b97jp
1666593402,158,theme-b97jp
1666593417,158,theme-b97jp
1666593432,158,theme-b97jp
1666593447,158,theme-b97jp
1666592682,0,theme-bc2n4
1666592697,0,theme-bc2n4
1666592712,4,theme-bc2n4
1666592727,5,theme-bc2n4
1666592742,8,theme-bc2n4
1666592757,8,theme-bc2n4
1666592772,16,theme-bc2n4
1666592787,19,theme-bc2n4
1666592802,26,theme-bc2n4
1666592817,27,theme-bc2n4
1666592832,32,theme-bc2n4
1666592847,36,theme-bc2n4
1666592862,41,theme-bc2n4
1666592877,45,theme-bc2n4
1666592892,50,theme-bc2n4
1666592907,53,theme-bc2n4
1666592922,54,theme-bc2n4
1666592937,55,theme-bc2n4
1666592952,65,theme-bc2n4
1666592967,70,theme-bc2n4
1666592982,75,theme-bc2n4
1666592997,79,theme-bc2n4
1666593012,84,theme-bc2n4
1666593027,83,theme-bc2n4
1666593042,87,theme-bc2n4
1666593057,89,theme-bc2n4
1666593072,94,theme-bc2n4
1666593087,100,theme-bc2n4
1666593102,106,theme-bc2n4
1666593117,110,theme-bc2n4
1666593132,116,theme-bc2n4
1666593147,118,theme-bc2n4
1666593162,121,theme-bc2n4
1666593177,125,theme-bc2n4
1666593192,133,theme-bc2n4
1666593207,134,theme-bc2n4
1666593222,135,theme-bc2n4
1666593237,136,theme-bc2n4
1666593252,141,theme-bc2n4
1666593267,147,theme-bc2n4
1666593282,149,theme-bc2n4
1666593297,150,theme-bc2n4
1666593312,152,theme-bc2n4
1666593327,152,theme-bc2n4
1666593342,152,theme-bc2n4
1666593357,152,theme-bc2n4
1666593372,152,theme-bc2n4
1666593387,152,theme-bc2n4
1666593402,152,theme-bc2n4
1666593417,152,theme-bc2n4
1666593432,152,theme-bc2n4
1666593447,152,theme-bc2n4
1666592682,0,theme-brsxf
1666592697,0,theme-brsxf
1666592712,6,theme-brsxf
1666592727,9,theme-brsxf
1666592742,15,theme-brsxf
1666592757,21,theme-brsxf
1666592772,23,theme-brsxf
1666592787,27,theme-brsxf
1666592802,34,theme-brsxf
1666592817,38,theme-brsxf
1666592832,41,theme-brsxf
1666592847,41,theme-brsxf
1666592862,50,theme-brsxf
1666592877,53,theme-brsxf
1666592892,58,theme-brsxf
1666592907,64,theme-brsxf
1666592922,67,theme-brsxf
1666592937,69,theme-brsxf
1666592952,72,theme-brsxf
1666592967,75,theme-brsxf
1666592982,78,theme-brsxf
1666592997,80,theme-brsxf
1666593012,84,theme-brsxf
1666593027,84,theme-brsxf
1666593042,90,theme-brsxf
1666593057,92,theme-brsxf
1666593072,97,theme-brsxf
1666593087,97,theme-brsxf
1666593102,98,theme-brsxf
1666593117,98,theme-brsxf
1666593132,104,theme-brsxf
1666593147,111,theme-brsxf
1666593162,119,theme-brsxf
1666593177,121,theme-brsxf
1666593192,123,theme-brsxf
1666593207,125,theme-brsxf
1666593222,132,theme-brsxf
1666593237,132,theme-brsxf
1666593252,136,theme-brsxf
1666593267,141,theme-brsxf
1666593282,153,theme-brsxf
1666593297,155,theme-brsxf
1666593312,158,theme-brsxf
1666593327,158,theme-brsxf
1666593342,158,theme-brsxf
1666593357,158,theme-brsxf
1666593372,158,theme-brsxf
1666593387,158,theme-brsxf
1666593402,158,theme-brsxf
1666593417,158,theme-brsxf
1666593432,158,theme-brsxf
1666593447,158,theme-brsxf
1666592682,0,theme-bvcsr
1666592697,0,theme-bvcsr
1666592712,0,theme-bvcsr
1666592727,1,theme-bvcsr
1666592742,7,theme-bvcsr
1666592757,8,theme-bvcsr
1666592772,12,theme-bvcsr
1666592787,16,theme-bvcsr
1666592802,17,theme-bvcsr
1666592817,20,theme-bvcsr
1666592832,22,theme-bvcsr
1666592847,22,theme-bvcsr
1666592862,27,theme-bvcsr
1666592877,29,theme-bvcsr
1666592892,36,theme-bvcsr
1666592907,41,theme-bvcsr
1666592922,44,theme-bvcsr
1666592937,45,theme-bvcsr
1666592952,48,theme-bvcsr
1666592967,51,theme-bvcsr
1666592982,59,theme-bvcsr
1666592997,62,theme-bvcsr
1666593012,66,theme-bvcsr
1666593027,71,theme-bvcsr
1666593042,73,theme-bvcsr
1666593057,77,theme-bvcsr
1666593072,84,theme-bvcsr
1666593087,87,theme-bvcsr
1666593102,91,theme-bvcsr
1666593117,95,theme-bvcsr
1666593132,98,theme-bvcsr
1666593147,103,theme-bvcsr
1666593162,109,theme-bvcsr
1666593177,112,theme-bvcsr
1666593192,119,theme-bvcsr
1666593207,121,theme-bvcsr
1666593222,132,theme-bvcsr
1666593237,136,theme-bvcsr
1666593252,141,theme-bvcsr
1666593267,144,theme-bvcsr
1666593282,148,theme-bvcsr
1666593297,149,theme-bvcsr
1666593312,153,theme-bvcsr
1666593327,153,theme-bvcsr
1666593342,153,theme-bvcsr
1666593357,153,theme-bvcsr
1666593372,153,theme-bvcsr
1666593387,153,theme-bvcsr
1666593402,153,theme-bvcsr
1666593417,153,theme-bvcsr
1666593432,153,theme-bvcsr
1666593447,153,theme-bvcsr
1666592682,0,theme-cp584
1666592697,0,theme-cp584
1666592712,4,theme-cp584
1666592727,4,theme-cp584
1666592742,10,theme-cp584
1666592757,9,theme-cp584
1666592772,12,theme-cp584
1666592787,13,theme-cp584
1666592802,21,theme-cp584
1666592817,23,theme-cp584
1666592832,31,theme-cp584
1666592847,37,theme-cp584
1666592862,43,theme-cp584
1666592877,47,theme-cp584
1666592892,49,theme-cp584
1666592907,53,theme-cp584
1666592922,59,theme-cp584
1666592937,62,theme-cp584
1666592952,67,theme-cp584
1666592967,71,theme-cp584
1666592982,72,theme-cp584
1666592997,76,theme-cp584
1666593012,82,theme-cp584
1666593027,84,theme-cp584
1666593042,94,theme-cp584
1666593057,97,theme-cp584
1666593072,99,theme-cp584
1666593087,100,theme-cp584
1666593102,110,theme-cp584
1666593117,112,theme-cp584
1666593132,118,theme-cp584
1666593147,121,theme-cp584
1666593162,125,theme-cp584
1666593177,125,theme-cp584
1666593192,130,theme-cp584
1666593207,130,theme-cp584
1666593222,136,theme-cp584
1666593237,137,theme-cp584
1666593252,142,theme-cp584
1666593267,149,theme-cp584
1666593282,153,theme-cp584
1666593297,161,theme-cp584
1666593312,162,theme-cp584
1666593327,162,theme-cp584
1666593342,162,theme-cp584
1666593357,162,theme-cp584
1666593372,162,theme-cp584
1666593387,162,theme-cp584
1666593402,162,theme-cp584
1666593417,162,theme-cp584
1666593432,162,theme-cp584
1666593447,162,theme-cp584
1666592682,0,theme-cpnfm
1666592697,0,theme-cpnfm
1666592712,1,theme-cpnfm
1666592727,4,theme-cpnfm
1666592742,8,theme-cpnfm
1666592757,13,theme-cpnfm
1666592772,22,theme-cpnfm
1666592787,24,theme-cpnfm
1666592802,28,theme-cpnfm
1666592817,29,theme-cpnfm
1666592832,33,theme-cpnfm
1666592847,39,theme-cpnfm
1666592862,46,theme-cpnfm
1666592877,47,theme-cpnfm
1666592892,49,theme-cpnfm
1666592907,50,theme-cpnfm
1666592922,56,theme-cpnfm
1666592937,59,theme-cpnfm
1666592952,63,theme-cpnfm
1666592967,66,theme-cpnfm
1666592982,72,theme-cpnfm
1666592997,75,theme-cpnfm
1666593012,79,theme-cpnfm
1666593027,80,theme-cpnfm
1666593042,88,theme-cpnfm
1666593057,92,theme-cpnfm
1666593072,94,theme-cpnfm
1666593087,95,theme-cpnfm
1666593102,102,theme-cpnfm
1666593117,105,theme-cpnfm
1666593132,107,theme-cpnfm
1666593147,110,theme-cpnfm
1666593162,114,theme-cpnfm
1666593177,114,theme-cpnfm
1666593192,120,theme-cpnfm
1666593207,124,theme-cpnfm
1666593222,128,theme-cpnfm
1666593237,130,theme-cpnfm
1666593252,137,theme-cpnfm
1666593267,141,theme-cpnfm
1666593282,147,theme-cpnfm
1666593297,151,theme-cpnfm
1666593312,155,theme-cpnfm
1666593327,155,theme-cpnfm
1666593342,155,theme-cpnfm
1666593357,155,theme-cpnfm
1666593372,155,theme-cpnfm
1666593387,155,theme-cpnfm
1666593402,155,theme-cpnfm
1666593417,155,theme-cpnfm
1666593432,155,theme-cpnfm
1666593447,155,theme-cpnfm
1666592682,0,theme-dml7w
1666592697,0,theme-dml7w
1666592712,2,theme-dml7w
1666592727,8,theme-dml7w
1666592742,14,theme-dml7w
1666592757,15,theme-dml7w
1666592772,21,theme-dml7w
1666592787,25,theme-dml7w
1666592802,31,theme-dml7w
1666592817,32,theme-dml7w
1666592832,37,theme-dml7w
1666592847,42,theme-dml7w
1666592862,45,theme-dml7w
1666592877,50,theme-dml7w
1666592892,54,theme-dml7w
1666592907,58,theme-dml7w
1666592922,65,theme-dml7w
1666592937,71,theme-dml7w
1666592952,79,theme-dml7w
1666592967,81,theme-dml7w
1666592982,90,theme-dml7w
1666592997,94,theme-dml7w
1666593012,97,theme-dml7w
1666593027,100,theme-dml7w
1666593042,104,theme-dml7w
1666593057,107,theme-dml7w
1666593072,114,theme-dml7w
1666593087,113,theme-dml7w
1666593102,118,theme-dml7w
1666593117,122,theme-dml7w
1666593132,126,theme-dml7w
1666593147,129,theme-dml7w
1666593162,132,theme-dml7w
1666593177,136,theme-dml7w
1666593192,142,theme-dml7w
1666593207,146,theme-dml7w
1666593222,153,theme-dml7w
1666593237,156,theme-dml7w
1666593252,162,theme-dml7w
1666593267,165,theme-dml7w
1666593282,174,theme-dml7w
1666593297,175,theme-dml7w
1666593312,179,theme-dml7w
1666593327,179,theme-dml7w
1666593342,179,theme-dml7w
1666593357,179,theme-dml7w
1666593372,179,theme-dml7w
1666593387,179,theme-dml7w
1666593402,179,theme-dml7w
1666593417,179,theme-dml7w
1666593432,179,theme-dml7w
1666593447,179,theme-dml7w
1666592682,0,theme-dvmp6
1666592697,0,theme-dvmp6
1666592712,0,theme-dvmp6
1666592727,1,theme-dvmp6
1666592742,6,theme-dvmp6
1666592757,8,theme-dvmp6
1666592772,19,theme-dvmp6
1666592787,21,theme-dvmp6
1666592802,27,theme-dvmp6
1666592817,28,theme-dvmp6
1666592832,31,theme-dvmp6
1666592847,37,theme-dvmp6
1666592862,46,theme-dvmp6
1666592877,48,theme-dvmp6
1666592892,55,theme-dvmp6
1666592907,58,theme-dvmp6
1666592922,61,theme-dvmp6
1666592937,65,theme-dvmp6
1666592952,70,theme-dvmp6
1666592967,73,theme-dvmp6
1666592982,83,theme-dvmp6
1666592997,86,theme-dvmp6
1666593012,91,theme-dvmp6
1666593027,95,theme-dvmp6
1666593042,102,theme-dvmp6
1666593057,105,theme-dvmp6
1666593072,108,theme-dvmp6
1666593087,110,theme-dvmp6
1666593102,117,theme-dvmp6
1666593117,117,theme-dvmp6
1666593132,124,theme-dvmp6
1666593147,125,theme-dvmp6
1666593162,128,theme-dvmp6
1666593177,129,theme-dvmp6
1666593192,133,theme-dvmp6
1666593207,137,theme-dvmp6
1666593222,142,theme-dvmp6
1666593237,144,theme-dvmp6
1666593252,145,theme-dvmp6
1666593267,146,theme-dvmp6
1666593282,149,theme-dvmp6
1666593297,152,theme-dvmp6
1666593312,154,theme-dvmp6
1666593327,154,theme-dvmp6
1666593342,154,theme-dvmp6
1666593357,154,theme-dvmp6
1666593372,154,theme-dvmp6
1666593387,154,theme-dvmp6
1666593402,154,theme-dvmp6
1666593417,154,theme-dvmp6
1666593432,154,theme-dvmp6
1666593447,154,theme-dvmp6
1666592682,0,theme-f667j
1666592697,0,theme-f667j
1666592712,2,theme-f667j
1666592727,5,theme-f667j
1666592742,7,theme-f667j
1666592757,12,theme-f667j
1666592772,16,theme-f667j
1666592787,18,theme-f667j
1666592802,22,theme-f667j
1666592817,25,theme-f667j
1666592832,31,theme-f667j
1666592847,32,theme-f667j
1666592862,36,theme-f667j
1666592877,42,theme-f667j
1666592892,45,theme-f667j
1666592907,52,theme-f667j
1666592922,59,theme-f667j
1666592937,62,theme-f667j
1666592952,69,theme-f667j
1666592967,68,theme-f667j
1666592982,70,theme-f667j
1666592997,73,theme-f667j
1666593012,78,theme-f667j
1666593027,86,theme-f667j
1666593042,94,theme-f667j
1666593057,98,theme-f667j
1666593072,99,theme-f667j
1666593087,102,theme-f667j
1666593102,108,theme-f667j
1666593117,108,theme-f667j
1666593132,114,theme-f667j
1666593147,116,theme-f667j
1666593162,120,theme-f667j
1666593177,122,theme-f667j
1666593192,124,theme-f667j
1666593207,125,theme-f667j
1666593222,131,theme-f667j
1666593237,135,theme-f667j
1666593252,143,theme-f667j
1666593267,145,theme-f667j
1666593282,149,theme-f667j
1666593297,151,theme-f667j
1666593312,153,theme-f667j
1666593327,153,theme-f667j
1666593342,153,theme-f667j
1666593357,153,theme-f667j
1666593372,153,theme-f667j
1666593387,153,theme-f667j
1666593402,153,theme-f667j
1666593417,153,theme-f667j
1666593432,153,theme-f667j
1666593447,153,theme-f667j
1666592682,0,theme-f6hvt
1666592697,0,theme-f6hvt
1666592712,3,theme-f6hvt
1666592727,7,theme-f6hvt
1666592742,13,theme-f6hvt
1666592757,20,theme-f6hvt
1666592772,20,theme-f6hvt
1666592787,21,theme-f6hvt
1666592802,27,theme-f6hvt
1666592817,28,theme-f6hvt
1666592832,33,theme-f6hvt
1666592847,38,theme-f6hvt
1666592862,41,theme-f6hvt
1666592877,44,theme-f6hvt
1666592892,47,theme-f6hvt
1666592907,49,theme-f6hvt
1666592922,54,theme-f6hvt
1666592937,56,theme-f6hvt
1666592952,61,theme-f6hvt
1666592967,63,theme-f6hvt
1666592982,66,theme-f6hvt
1666592997,69,theme-f6hvt
1666593012,77,theme-f6hvt
1666593027,78,theme-f6hvt
1666593042,80,theme-f6hvt
1666593057,83,theme-f6hvt
1666593072,87,theme-f6hvt
1666593087,90,theme-f6hvt
1666593102,94,theme-f6hvt
1666593117,100,theme-f6hvt
1666593132,105,theme-f6hvt
1666593147,107,theme-f6hvt
1666593162,113,theme-f6hvt
1666593177,116,theme-f6hvt
1666593192,124,theme-f6hvt
1666593207,127,theme-f6hvt
1666593222,132,theme-f6hvt
1666593237,137,theme-f6hvt
1666593252,146,theme-f6hvt
1666593267,152,theme-f6hvt
1666593282,156,theme-f6hvt
1666593297,159,theme-f6hvt
1666593312,164,theme-f6hvt
1666593327,164,theme-f6hvt
1666593342,164,theme-f6hvt
1666593357,164,theme-f6hvt
1666593372,164,theme-f6hvt
1666593387,164,theme-f6hvt
1666593402,164,theme-f6hvt
1666593417,164,theme-f6hvt
1666593432,164,theme-f6hvt
1666593447,164,theme-f6hvt
1666592682,0,theme-g6lh6
1666592697,0,theme-g6lh6
1666592712,2,theme-g6lh6
1666592727,4,theme-g6lh6
1666592742,11,theme-g6lh6
1666592757,14,theme-g6lh6
1666592772,20,theme-g6lh6
1666592787,22,theme-g6lh6
1666592802,27,theme-g6lh6
1666592817,26,theme-g6lh6
1666592832,31,theme-g6lh6
1666592847,31,theme-g6lh6
1666592862,34,theme-g6lh6
1666592877,36,theme-g6lh6
1666592892,46,theme-g6lh6
1666592907,48,theme-g6lh6
1666592922,50,theme-g6lh6
1666592937,55,theme-g6lh6
1666592952,59,theme-g6lh6
1666592967,62,theme-g6lh6
1666592982,66,theme-g6lh6
1666592997,68,theme-g6lh6
1666593012,75,theme-g6lh6
1666593027,80,theme-g6lh6
1666593042,83,theme-g6lh6
1666593057,86,theme-g6lh6
1666593072,90,theme-g6lh6
1666593087,90,theme-g6lh6
1666593102,94,theme-g6lh6
1666593117,95,theme-g6lh6
1666593132,100,theme-g6lh6
1666593147,102,theme-g6lh6
1666593162,103,theme-g6lh6
1666593177,107,theme-g6lh6
1666593192,111,theme-g6lh6
1666593207,113,theme-g6lh6
1666593222,117,theme-g6lh6
1666593237,120,theme-g6lh6
1666593252,126,theme-g6lh6
1666593267,129,theme-g6lh6
1666593282,133,theme-g6lh6
1666593297,137,theme-g6lh6
1666593312,137,theme-g6lh6
1666593327,137,theme-g6lh6
1666593342,137,theme-g6lh6
1666593357,137,theme-g6lh6
1666593372,137,theme-g6lh6
1666593387,137,theme-g6lh6
1666593402,137,theme-g6lh6
1666593417,137,theme-g6lh6
1666593432,137,theme-g6lh6
1666593447,137,theme-g6lh6
1666592682,0,theme-gvbs4
1666592697,0,theme-gvbs4
1666592712,1,theme-gvbs4
1666592727,2,theme-gvbs4
1666592742,6,theme-gvbs4
1666592757,8,theme-gvbs4
1666592772,11,theme-gvbs4
1666592787,14,theme-gvbs4
1666592802,16,theme-gvbs4
1666592817,18,theme-gvbs4
1666592832,21,theme-gvbs4
1666592847,22,theme-gvbs4
1666592862,32,theme-gvbs4
1666592877,33,theme-gvbs4
1666592892,36,theme-gvbs4
1666592907,38,theme-gvbs4
1666592922,45,theme-gvbs4
1666592937,48,theme-gvbs4
1666592952,57,theme-gvbs4
1666592967,62,theme-gvbs4
1666592982,64,theme-gvbs4
1666592997,68,theme-gvbs4
1666593012,72,theme-gvbs4
1666593027,75,theme-gvbs4
1666593042,82,theme-gvbs4
1666593057,84,theme-gvbs4
1666593072,90,theme-gvbs4
1666593087,92,theme-gvbs4
1666593102,98,theme-gvbs4
1666593117,99,theme-gvbs4
1666593132,105,theme-gvbs4
1666593147,107,theme-gvbs4
1666593162,110,theme-gvbs4
1666593177,113,theme-gvbs4
1666593192,116,theme-gvbs4
1666593207,117,theme-gvbs4
1666593222,125,theme-gvbs4
1666593237,127,theme-gvbs4
1666593252,135,theme-gvbs4
1666593267,138,theme-gvbs4
1666593282,139,theme-gvbs4
1666593297,139,theme-gvbs4
1666593312,141,theme-gvbs4
1666593327,141,theme-gvbs4
1666593342,141,theme-gvbs4
1666593357,141,theme-gvbs4
1666593372,141,theme-gvbs4
1666593387,141,theme-gvbs4
1666593402,141,theme-gvbs4
1666593417,141,theme-gvbs4
1666593432,141,theme-gvbs4
1666593447,141,theme-gvbs4
1666592682,0,theme-h7kvg
1666592697,0,theme-h7kvg
1666592712,3,theme-h7kvg
1666592727,6,theme-h7kvg
1666592742,12,theme-h7kvg
1666592757,12,theme-h7kvg
1666592772,16,theme-h7kvg
1666592787,16,theme-h7kvg
1666592802,24,theme-h7kvg
1666592817,28,theme-h7kvg
1666592832,31,theme-h7kvg
1666592847,34,theme-h7kvg
1666592862,38,theme-h7kvg
1666592877,40,theme-h7kvg
1666592892,46,theme-h7kvg
1666592907,48,theme-h7kvg
1666592922,50,theme-h7kvg
1666592937,52,theme-h7kvg
1666592952,54,theme-h7kvg
1666592967,54,theme-h7kvg
1666592982,58,theme-h7kvg
1666592997,61,theme-h7kvg
1666593012,66,theme-h7kvg
1666593027,70,theme-h7kvg
1666593042,74,theme-h7kvg
1666593057,77,theme-h7kvg
1666593072,79,theme-h7kvg
1666593087,82,theme-h7kvg
1666593102,87,theme-h7kvg
1666593117,90,theme-h7kvg
1666593132,96,theme-h7kvg
1666593147,97,theme-h7kvg
1666593162,102,theme-h7kvg
1666593177,104,theme-h7kvg
1666593192,109,theme-h7kvg
1666593207,114,theme-h7kvg
1666593222,118,theme-h7kvg
1666593237,121,theme-h7kvg
1666593252,128,theme-h7kvg
1666593267,132,theme-h7kvg
1666593282,135,theme-h7kvg
1666593297,137,theme-h7kvg
1666593312,139,theme-h7kvg
1666593327,139,theme-h7kvg
1666593342,139,theme-h7kvg
1666593357,139,theme-h7kvg
1666593372,139,theme-h7kvg
1666593387,139,theme-h7kvg
1666593402,139,theme-h7kvg
1666593417,139,theme-h7kvg
1666593432,139,theme-h7kvg
1666593447,139,theme-h7kvg
1666592682,0,theme-h9wrn
1666592697,0,theme-h9wrn
1666592712,5,theme-h9wrn
1666592727,7,theme-h9wrn
1666592742,14,theme-h9wrn
1666592757,14,theme-h9wrn
1666592772,20,theme-h9wrn
1666592787,22,theme-h9wrn
1666592802,27,theme-h9wrn
1666592817,31,theme-h9wrn
1666592832,40,theme-h9wrn
1666592847,44,theme-h9wrn
1666592862,45,theme-h9wrn
1666592877,47,theme-h9wrn
1666592892,52,theme-h9wrn
1666592907,53,theme-h9wrn
1666592922,61,theme-h9wrn
1666592937,63,theme-h9wrn
1666592952,71,theme-h9wrn
1666592967,73,theme-h9wrn
1666592982,78,theme-h9wrn
1666592997,78,theme-h9wrn
1666593012,80,theme-h9wrn
1666593027,84,theme-h9wrn
1666593042,87,theme-h9wrn
1666593057,91,theme-h9wrn
1666593072,95,theme-h9wrn
1666593087,98,theme-h9wrn
1666593102,98,theme-h9wrn
1666593117,103,theme-h9wrn
1666593132,111,theme-h9wrn
1666593147,112,theme-h9wrn
1666593162,116,theme-h9wrn
1666593177,120,theme-h9wrn
1666593192,124,theme-h9wrn
1666593207,128,theme-h9wrn
1666593222,136,theme-h9wrn
1666593237,139,theme-h9wrn
1666593252,139,theme-h9wrn
1666593267,144,theme-h9wrn
1666593282,146,theme-h9wrn
1666593297,151,theme-h9wrn
1666593312,154,theme-h9wrn
1666593327,154,theme-h9wrn
1666593342,154,theme-h9wrn
1666593357,154,theme-h9wrn
1666593372,154,theme-h9wrn
1666593387,154,theme-h9wrn
1666593402,154,theme-h9wrn
1666593417,154,theme-h9wrn
1666593432,154,theme-h9wrn
1666593447,154,theme-h9wrn
1666592682,0,theme-hc8f7
1666592697,0,theme-hc8f7
1666592712,1,theme-hc8f7
1666592727,6,theme-hc8f7
1666592742,9,theme-hc8f7
1666592757,11,theme-hc8f7
1666592772,17,theme-hc8f7
1666592787,20,theme-hc8f7
1666592802,24,theme-hc8f7
1666592817,24,theme-hc8f7
1666592832,29,theme-hc8f7
1666592847,36,theme-hc8f7
1666592862,45,theme-hc8f7
1666592877,47,theme-hc8f7
1666592892,49,theme-hc8f7
1666592907,51,theme-hc8f7
1666592922,58,theme-hc8f7
1666592937,60,theme-hc8f7
1666592952,65,theme-hc8f7
1666592967,69,theme-hc8f7
1666592982,75,theme-hc8f7
1666592997,79,theme-hc8f7
1666593012,86,theme-hc8f7
1666593027,86,theme-hc8f7
1666593042,89,theme-hc8f7
1666593057,93,theme-hc8f7
1666593072,99,theme-hc8f7
1666593087,99,theme-hc8f7
1666593102,106,theme-hc8f7
1666593117,108,theme-hc8f7
1666593132,111,theme-hc8f7
1666593147,115,theme-hc8f7
1666593162,121,theme-hc8f7
1666593177,128,theme-hc8f7
1666593192,137,theme-hc8f7
1666593207,136,theme-hc8f7
1666593222,141,theme-hc8f7
1666593237,144,theme-hc8f7
1666593252,150,theme-hc8f7
1666593267,153,theme-hc8f7
1666593282,160,theme-hc8f7
1666593297,163,theme-hc8f7
1666593312,166,theme-hc8f7
1666593327,166,theme-hc8f7
1666593342,166,theme-hc8f7
1666593357,166,theme-hc8f7
1666593372,166,theme-hc8f7
1666593387,166,theme-hc8f7
1666593402,166,theme-hc8f7
1666593417,166,theme-hc8f7
1666593432,166,theme-hc8f7
1666593447,166,theme-hc8f7
1666592682,0,theme-hg275
1666592697,0,theme-hg275
1666592712,6,theme-hg275
1666592727,9,theme-hg275
1666592742,17,theme-hg275
1666592757,20,theme-hg275
1666592772,29,theme-hg275
1666592787,32,theme-hg275
1666592802,38,theme-hg275
1666592817,42,theme-hg275
1666592832,48,theme-hg275
1666592847,49,theme-hg275
1666592862,50,theme-hg275
1666592877,53,theme-hg275
1666592892,57,theme-hg275
1666592907,60,theme-hg275
1666592922,67,theme-hg275
1666592937,68,theme-hg275
1666592952,71,theme-hg275
1666592967,75,theme-hg275
1666592982,78,theme-hg275
1666592997,81,theme-hg275
1666593012,86,theme-hg275
1666593027,88,theme-hg275
1666593042,87,theme-hg275
1666593057,91,theme-hg275
1666593072,94,theme-hg275
1666593087,99,theme-hg275
1666593102,103,theme-hg275
1666593117,107,theme-hg275
1666593132,110,theme-hg275
1666593147,115,theme-hg275
1666593162,116,theme-hg275
1666593177,117,theme-hg275
1666593192,120,theme-hg275
1666593207,122,theme-hg275
1666593222,127,theme-hg275
1666593237,129,theme-hg275
1666593252,133,theme-hg275
1666593267,133,theme-hg275
1666593282,137,theme-hg275
1666593297,139,theme-hg275
1666593312,141,theme-hg275
1666593327,141,theme-hg275
1666593342,141,theme-hg275
1666593357,141,theme-hg275
1666593372,141,theme-hg275
1666593387,141,theme-hg275
1666593402,141,theme-hg275
1666593417,141,theme-hg275
1666593432,141,theme-hg275
1666593447,141,theme-hg275
1666592682,0,theme-k45mx
1666592697,0,theme-k45mx
1666592712,3,theme-k45mx
1666592727,6,theme-k45mx
1666592742,12,theme-k45mx
1666592757,14,theme-k45mx
1666592772,21,theme-k45mx
1666592787,24,theme-k45mx
1666592802,25,theme-k45mx
1666592817,28,theme-k45mx
1666592832,33,theme-k45mx
1666592847,35,theme-k45mx
1666592862,42,theme-k45mx
1666592877,43,theme-k45mx
1666592892,49,theme-k45mx
1666592907,51,theme-k45mx
1666592922,55,theme-k45mx
1666592937,59,theme-k45mx
1666592952,62,theme-k45mx
1666592967,64,theme-k45mx
1666592982,69,theme-k45mx
1666592997,72,theme-k45mx
1666593012,79,theme-k45mx
1666593027,79,theme-k45mx
1666593042,90,theme-k45mx
1666593057,93,theme-k45mx
1666593072,105,theme-k45mx
1666593087,110,theme-k45mx
1666593102,117,theme-k45mx
1666593117,117,theme-k45mx
1666593132,124,theme-k45mx
1666593147,126,theme-k45mx
1666593162,134,theme-k45mx
1666593177,136,theme-k45mx
1666593192,141,theme-k45mx
1666593207,148,theme-k45mx
1666593222,156,theme-k45mx
1666593237,156,theme-k45mx
1666593252,165,theme-k45mx
1666593267,167,theme-k45mx
1666593282,170,theme-k45mx
1666593297,172,theme-k45mx
1666593312,174,theme-k45mx
1666593327,174,theme-k45mx
1666593342,174,theme-k45mx
1666593357,174,theme-k45mx
1666593372,174,theme-k45mx
1666593387,174,theme-k45mx
1666593402,174,theme-k45mx
1666593417,174,theme-k45mx
1666593432,174,theme-k45mx
1666593447,174,theme-k45mx
1666592682,0,theme-l4t79
1666592697,0,theme-l4t79
1666592712,1,theme-l4t79
1666592727,1,theme-l4t79
1666592742,7,theme-l4t79
1666592757,9,theme-l4t79
1666592772,17,theme-l4t79
1666592787,22,theme-l4t79
1666592802,24,theme-l4t79
1666592817,29,theme-l4t79
1666592832,35,theme-l4t79
1666592847,35,theme-l4t79
1666592862,43,theme-l4t79
1666592877,46,theme-l4t79
1666592892,52,theme-l4t79
1666592907,52,theme-l4t79
1666592922,59,theme-l4t79
1666592937,61,theme-l4t79
1666592952,67,theme-l4t79
1666592967,68,theme-l4t79
1666592982,74,theme-l4t79
1666592997,76,theme-l4t79
1666593012,82,theme-l4t79
1666593027,86,theme-l4t79
1666593042,95,theme-l4t79
1666593057,100,theme-l4t79
1666593072,104,theme-l4t79
1666593087,108,theme-l4t79
1666593102,109,theme-l4t79
1666593117,113,theme-l4t79
1666593132,116,theme-l4t79
1666593147,115,theme-l4t79
1666593162,122,theme-l4t79
1666593177,126,theme-l4t79
1666593192,131,theme-l4t79
1666593207,135,theme-l4t79
1666593222,139,theme-l4t79
1666593237,142,theme-l4t79
1666593252,143,theme-l4t79
1666593267,148,theme-l4t79
1666593282,152,theme-l4t79
1666593297,154,theme-l4t79
1666593312,155,theme-l4t79
1666593327,155,theme-l4t79
1666593342,155,theme-l4t79
1666593357,155,theme-l4t79
1666593372,155,theme-l4t79
1666593387,155,theme-l4t79
1666593402,155,theme-l4t79
1666593417,155,theme-l4t79
1666593432,155,theme-l4t79
1666593447,155,theme-l4t79
1666592682,0,theme-m6bx9
1666592697,0,theme-m6bx9
1666592712,2,theme-m6bx9
1666592727,4,theme-m6bx9
1666592742,6,theme-m6bx9
1666592757,7,theme-m6bx9
1666592772,10,theme-m6bx9
1666592787,14,theme-m6bx9
1666592802,18,theme-m6bx9
1666592817,20,theme-m6bx9
1666592832,27,theme-m6bx9
1666592847,30,theme-m6bx9
1666592862,33,theme-m6bx9
1666592877,40,theme-m6bx9
1666592892,46,theme-m6bx9
1666592907,47,theme-m6bx9
1666592922,55,theme-m6bx9
1666592937,59,theme-m6bx9
1666592952,63,theme-m6bx9
1666592967,67,theme-m6bx9
1666592982,76,theme-m6bx9
1666592997,80,theme-m6bx9
1666593012,86,theme-m6bx9
1666593027,90,theme-m6bx9
1666593042,93,theme-m6bx9
1666593057,96,theme-m6bx9
1666593072,103,theme-m6bx9
1666593087,107,theme-m6bx9
1666593102,109,theme-m6bx9
1666593117,112,theme-m6bx9
1666593132,120,theme-m6bx9
1666593147,122,theme-m6bx9
1666593162,126,theme-m6bx9
1666593177,130,theme-m6bx9
1666593192,132,theme-m6bx9
1666593207,138,theme-m6bx9
1666593222,140,theme-m6bx9
1666593237,142,theme-m6bx9
1666593252,148,theme-m6bx9
1666593267,152,theme-m6bx9
1666593282,159,theme-m6bx9
1666593297,160,theme-m6bx9
1666593312,163,theme-m6bx9
1666593327,163,theme-m6bx9
1666593342,163,theme-m6bx9
1666593357,163,theme-m6bx9
1666593372,163,theme-m6bx9
1666593387,163,theme-m6bx9
1666593402,163,theme-m6bx9
1666593417,163,theme-m6bx9
1666593432,163,theme-m6bx9
1666593447,163,theme-m6bx9
1666592682,0,theme-md6k5
1666592697,0,theme-md6k5
1666592712,3,theme-md6k5
1666592727,4,theme-md6k5
1666592742,9,theme-md6k5
1666592757,11,theme-md6k5
1666592772,15,theme-md6k5
1666592787,16,theme-md6k5
1666592802,22,theme-md6k5
1666592817,23,theme-md6k5
1666592832,29,theme-md6k5
1666592847,33,theme-md6k5
1666592862,38,theme-md6k5
1666592877,39,theme-md6k5
1666592892,45,theme-md6k5
1666592907,46,theme-md6k5
1666592922,50,theme-md6k5
1666592937,56,theme-md6k5
1666592952,61,theme-md6k5
1666592967,65,theme-md6k5
1666592982,73,theme-md6k5
1666592997,74,theme-md6k5
1666593012,81,theme-md6k5
1666593027,86,theme-md6k5
1666593042,88,theme-md6k5
1666593057,92,theme-md6k5
1666593072,97,theme-md6k5
1666593087,97,theme-md6k5
1666593102,104,theme-md6k5
1666593117,106,theme-md6k5
1666593132,115,theme-md6k5
1666593147,120,theme-md6k5
1666593162,123,theme-md6k5
1666593177,125,theme-md6k5
1666593192,126,theme-md6k5
1666593207,128,theme-md6k5
1666593222,129,theme-md6k5
1666593237,129,theme-md6k5
1666593252,136,theme-md6k5
1666593267,141,theme-md6k5
1666593282,142,theme-md6k5
1666593297,142,theme-md6k5
1666593312,145,theme-md6k5
1666593327,145,theme-md6k5
1666593342,145,theme-md6k5
1666593357,145,theme-md6k5
1666593372,145,theme-md6k5
1666593387,145,theme-md6k5
1666593402,145,theme-md6k5
1666593417,145,theme-md6k5
1666593432,145,theme-md6k5
1666593447,145,theme-md6k5
1666592682,0,theme-mfwz4
1666592697,0,theme-mfwz4
1666592712,3,theme-mfwz4
1666592727,7,theme-mfwz4
1666592742,13,theme-mfwz4
1666592757,17,theme-mfwz4
1666592772,22,theme-mfwz4
1666592787,26,theme-mfwz4
1666592802,28,theme-mfwz4
1666592817,32,theme-mfwz4
1666592832,35,theme-mfwz4
1666592847,40,theme-mfwz4
1666592862,45,theme-mfwz4
1666592877,49,theme-mfwz4
1666592892,54,theme-mfwz4
1666592907,55,theme-mfwz4
1666592922,66,theme-mfwz4
1666592937,68,theme-mfwz4
1666592952,77,theme-mfwz4
1666592967,80,theme-mfwz4
1666592982,80,theme-mfwz4
1666592997,79,theme-mfwz4
1666593012,86,theme-mfwz4
1666593027,89,theme-mfwz4
1666593042,93,theme-mfwz4
1666593057,93,theme-mfwz4
1666593072,97,theme-mfwz4
1666593087,100,theme-mfwz4
1666593102,110,theme-mfwz4
1666593117,114,theme-mfwz4
1666593132,116,theme-mfwz4
1666593147,118,theme-mfwz4
1666593162,121,theme-mfwz4
1666593177,126,theme-mfwz4
1666593192,134,theme-mfwz4
1666593207,140,theme-mfwz4
1666593222,148,theme-mfwz4
1666593237,149,theme-mfwz4
1666593252,154,theme-mfwz4
1666593267,154,theme-mfwz4
1666593282,159,theme-mfwz4
1666593297,162,theme-mfwz4
1666593312,162,theme-mfwz4
1666593327,162,theme-mfwz4
1666593342,162,theme-mfwz4
1666593357,162,theme-mfwz4
1666593372,162,theme-mfwz4
1666593387,162,theme-mfwz4
1666593402,162,theme-mfwz4
1666593417,162,theme-mfwz4
1666593432,162,theme-mfwz4
1666593447,162,theme-mfwz4
1666592682,0,theme-mhtbj
1666592697,0,theme-mhtbj
1666592712,2,theme-mhtbj
1666592727,3,theme-mhtbj
1666592742,6,theme-mhtbj
1666592757,8,theme-mhtbj
1666592772,12,theme-mhtbj
1666592787,13,theme-mhtbj
1666592802,18,theme-mhtbj
1666592817,24,theme-mhtbj
1666592832,31,theme-mhtbj
1666592847,32,theme-mhtbj
1666592862,42,theme-mhtbj
1666592877,44,theme-mhtbj
1666592892,51,theme-mhtbj
1666592907,56,theme-mhtbj
1666592922,68,theme-mhtbj
1666592937,71,theme-mhtbj
1666592952,76,theme-mhtbj
1666592967,81,theme-mhtbj
1666592982,90,theme-mhtbj
1666592997,91,theme-mhtbj
1666593012,92,theme-mhtbj
1666593027,95,theme-mhtbj
1666593042,103,theme-mhtbj
1666593057,105,theme-mhtbj
1666593072,110,theme-mhtbj
1666593087,114,theme-mhtbj
1666593102,116,theme-mhtbj
1666593117,118,theme-mhtbj
1666593132,121,theme-mhtbj
1666593147,123,theme-mhtbj
1666593162,127,theme-mhtbj
1666593177,130,theme-mhtbj
1666593192,134,theme-mhtbj
1666593207,138,theme-mhtbj
1666593222,143,theme-mhtbj
1666593237,148,theme-mhtbj
1666593252,154,theme-mhtbj
1666593267,157,theme-mhtbj
1666593282,161,theme-mhtbj
1666593297,163,theme-mhtbj
1666593312,167,theme-mhtbj
1666593327,167,theme-mhtbj
1666593342,167,theme-mhtbj
1666593357,167,theme-mhtbj
1666593372,167,theme-mhtbj
1666593387,167,theme-mhtbj
1666593402,167,theme-mhtbj
1666593417,167,theme-mhtbj
1666593432,167,theme-mhtbj
1666593447,167,theme-mhtbj
1666592682,0,theme-mqcsq
1666592697,0,theme-mqcsq
1666592712,4,theme-mqcsq
1666592727,5,theme-mqcsq
1666592742,11,theme-mqcsq
1666592757,14,theme-mqcsq
1666592772,18,theme-mqcsq
1666592787,20,theme-mqcsq
1666592802,31,theme-mqcsq
1666592817,33,theme-mqcsq
1666592832,37,theme-mqcsq
1666592847,39,theme-mqcsq
1666592862,50,theme-mqcsq
1666592877,53,theme-mqcsq
1666592892,61,theme-mqcsq
1666592907,63,theme-mqcsq
1666592922,75,theme-mqcsq
1666592937,78,theme-mqcsq
1666592952,81,theme-mqcsq
1666592967,83,theme-mqcsq
1666592982,83,theme-mqcsq
1666592997,86,theme-mqcsq
1666593012,91,theme-mqcsq
1666593027,93,theme-mqcsq
1666593042,97,theme-mqcsq
1666593057,99,theme-mqcsq
1666593072,102,theme-mqcsq
1666593087,105,theme-mqcsq
1666593102,106,theme-mqcsq
1666593117,108,theme-mqcsq
1666593132,114,theme-mqcsq
1666593147,116,theme-mqcsq
1666593162,120,theme-mqcsq
1666593177,126,theme-mqcsq
1666593192,129,theme-mqcsq
1666593207,129,theme-mqcsq
1666593222,135,theme-mqcsq
1666593237,139,theme-mqcsq
1666593252,142,theme-mqcsq
1666593267,143,theme-mqcsq
1666593282,150,theme-mqcsq
1666593297,154,theme-mqcsq
1666593312,158,theme-mqcsq
1666593327,158,theme-mqcsq
1666593342,158,theme-mqcsq
1666593357,158,theme-mqcsq
1666593372,158,theme-mqcsq
1666593387,158,theme-mqcsq
1666593402,158,theme-mqcsq
1666593417,158,theme-mqcsq
1666593432,158,theme-mqcsq
1666593447,158,theme-mqcsq
1666592682,0,theme-mwmrs
1666592697,0,theme-mwmrs
1666592712,1,theme-mwmrs
1666592727,3,theme-mwmrs
1666592742,4,theme-mwmrs
1666592757,6,theme-mwmrs
1666592772,7,theme-mwmrs
1666592787,8,theme-mwmrs
1666592802,10,theme-mwmrs
1666592817,12,theme-mwmrs
1666592832,15,theme-mwmrs
1666592847,18,theme-mwmrs
1666592862,22,theme-mwmrs
1666592877,25,theme-mwmrs
1666592892,35,theme-mwmrs
1666592907,37,theme-mwmrs
1666592922,42,theme-mwmrs
1666592937,42,theme-mwmrs
1666592952,50,theme-mwmrs
1666592967,52,theme-mwmrs
1666592982,53,theme-mwmrs
1666592997,56,theme-mwmrs
1666593012,62,theme-mwmrs
1666593027,65,theme-mwmrs
1666593042,70,theme-mwmrs
1666593057,75,theme-mwmrs
1666593072,78,theme-mwmrs
1666593087,84,theme-mwmrs
1666593102,93,theme-mwmrs
1666593117,93,theme-mwmrs
1666593132,99,theme-mwmrs
1666593147,103,theme-mwmrs
1666593162,106,theme-mwmrs
1666593177,109,theme-mwmrs
1666593192,113,theme-mwmrs
1666593207,116,theme-mwmrs
1666593222,125,theme-mwmrs
1666593237,127,theme-mwmrs
1666593252,133,theme-mwmrs
1666593267,135,theme-mwmrs
1666593282,139,theme-mwmrs
1666593297,140,theme-mwmrs
1666593312,141,theme-mwmrs
1666593327,141,theme-mwmrs
1666593342,141,theme-mwmrs
1666593357,141,theme-mwmrs
1666593372,141,theme-mwmrs
1666593387,141,theme-mwmrs
1666593402,141,theme-mwmrs
1666593417,141,theme-mwmrs
1666593432,141,theme-mwmrs
1666593447,141,theme-mwmrs
1666592682,0,theme-nncnj
1666592697,0,theme-nncnj
1666592712,1,theme-nncnj
1666592727,5,theme-nncnj
1666592742,14,theme-nncnj
1666592757,16,theme-nncnj
1666592772,24,theme-nncnj
1666592787,30,theme-nncnj
1666592802,32,theme-nncnj
1666592817,36,theme-nncnj
1666592832,43,theme-nncnj
1666592847,45,theme-nncnj
1666592862,50,theme-nncnj
1666592877,51,theme-nncnj
1666592892,56,theme-nncnj
1666592907,58,theme-nncnj
1666592922,65,theme-nncnj
1666592937,67,theme-nncnj
1666592952,71,theme-nncnj
1666592967,72,theme-nncnj
1666592982,81,theme-nncnj
1666592997,82,theme-nncnj
1666593012,86,theme-nncnj
1666593027,87,theme-nncnj
1666593042,92,theme-nncnj
1666593057,95,theme-nncnj
1666593072,98,theme-nncnj
1666593087,98,theme-nncnj
1666593102,102,theme-nncnj
1666593117,109,theme-nncnj
1666593132,110,theme-nncnj
1666593147,114,theme-nncnj
1666593162,121,theme-nncnj
1666593177,121,theme-nncnj
1666593192,124,theme-nncnj
1666593207,124,theme-nncnj
1666593222,129,theme-nncnj
1666593237,133,theme-nncnj
1666593252,139,theme-nncnj
1666593267,140,theme-nncnj
1666593282,147,theme-nncnj
1666593297,150,theme-nncnj
1666593312,155,theme-nncnj
1666593327,155,theme-nncnj
1666593342,155,theme-nncnj
1666593357,155,theme-nncnj
1666593372,155,theme-nncnj
1666593387,155,theme-nncnj
1666593402,155,theme-nncnj
1666593417,155,theme-nncnj
1666593432,155,theme-nncnj
1666593447,155,theme-nncnj
1666592682,0,theme-nwxf8
1666592697,0,theme-nwxf8
1666592712,3,theme-nwxf8
1666592727,6,theme-nwxf8
1666592742,11,theme-nwxf8
1666592757,12,theme-nwxf8
1666592772,16,theme-nwxf8
1666592787,21,theme-nwxf8
1666592802,26,theme-nwxf8
1666592817,29,theme-nwxf8
1666592832,34,theme-nwxf8
1666592847,37,theme-nwxf8
1666592862,40,theme-nwxf8
1666592877,43,theme-nwxf8
1666592892,49,theme-nwxf8
1666592907,50,theme-nwxf8
1666592922,54,theme-nwxf8
1666592937,61,theme-nwxf8
1666592952,65,theme-nwxf8
1666592967,69,theme-nwxf8
1666592982,76,theme-nwxf8
1666592997,78,theme-nwxf8
1666593012,82,theme-nwxf8
1666593027,85,theme-nwxf8
1666593042,90,theme-nwxf8
1666593057,95,theme-nwxf8
1666593072,99,theme-nwxf8
1666593087,104,theme-nwxf8
1666593102,108,theme-nwxf8
1666593117,109,theme-nwxf8
1666593132,116,theme-nwxf8
1666593147,116,theme-nwxf8
1666593162,123,theme-nwxf8
1666593177,124,theme-nwxf8
1666593192,133,theme-nwxf8
1666593207,135,theme-nwxf8
1666593222,140,theme-nwxf8
1666593237,141,theme-nwxf8
1666593252,146,theme-nwxf8
1666593267,152,theme-nwxf8
1666593282,158,theme-nwxf8
1666593297,163,theme-nwxf8
1666593312,164,theme-nwxf8
1666593327,164,theme-nwxf8
1666593342,164,theme-nwxf8
1666593357,164,theme-nwxf8
1666593372,164,theme-nwxf8
1666593387,164,theme-nwxf8
1666593402,164,theme-nwxf8
1666593417,164,theme-nwxf8
1666593432,164,theme-nwxf8
1666593447,164,theme-nwxf8
1666592682,0,theme-s249b
1666592697,0,theme-s249b
1666592712,3,theme-s249b
1666592727,4,theme-s249b
1666592742,9,theme-s249b
1666592757,12,theme-s249b
1666592772,17,theme-s249b
1666592787,17,theme-s249b
1666592802,22,theme-s249b
1666592817,26,theme-s249b
1666592832,29,theme-s249b
1666592847,31,theme-s249b
1666592862,38,theme-s249b
1666592877,42,theme-s249b
1666592892,47,theme-s249b
1666592907,51,theme-s249b
1666592922,50,theme-s249b
1666592937,53,theme-s249b
1666592952,58,theme-s249b
1666592967,60,theme-s249b
1666592982,72,theme-s249b
1666592997,73,theme-s249b
1666593012,77,theme-s249b
1666593027,83,theme-s249b
1666593042,90,theme-s249b
1666593057,91,theme-s249b
1666593072,96,theme-s249b
1666593087,97,theme-s249b
1666593102,101,theme-s249b
1666593117,104,theme-s249b
1666593132,112,theme-s249b
1666593147,114,theme-s249b
1666593162,117,theme-s249b
1666593177,117,theme-s249b
1666593192,125,theme-s249b
1666593207,128,theme-s249b
1666593222,133,theme-s249b
1666593237,136,theme-s249b
1666593252,139,theme-s249b
1666593267,139,theme-s249b
1666593282,140,theme-s249b
1666593297,143,theme-s249b
1666593312,147,theme-s249b
1666593327,147,theme-s249b
1666593342,147,theme-s249b
1666593357,147,theme-s249b
1666593372,147,theme-s249b
1666593387,147,theme-s249b
1666593402,147,theme-s249b
1666593417,147,theme-s249b
1666593432,147,theme-s249b
1666593447,147,theme-s249b
1666592682,0,theme-t6rvm
1666592697,0,theme-t6rvm
1666592712,1,theme-t6rvm
1666592727,5,theme-t6rvm
1666592742,10,theme-t6rvm
1666592757,12,theme-t6rvm
1666592772,17,theme-t6rvm
1666592787,18,theme-t6rvm
1666592802,27,theme-t6rvm
1666592817,28,theme-t6rvm
1666592832,38,theme-t6rvm
1666592847,41,theme-t6rvm
1666592862,44,theme-t6rvm
1666592877,46,theme-t6rvm
1666592892,50,theme-t6rvm
1666592907,50,theme-t6rvm
1666592922,58,theme-t6rvm
1666592937,62,theme-t6rvm
1666592952,68,theme-t6rvm
1666592967,69,theme-t6rvm
1666592982,73,theme-t6rvm
1666592997,75,theme-t6rvm
1666593012,81,theme-t6rvm
1666593027,82,theme-t6rvm
1666593042,86,theme-t6rvm
1666593057,88,theme-t6rvm
1666593072,93,theme-t6rvm
1666593087,95,theme-t6rvm
1666593102,99,theme-t6rvm
1666593117,102,theme-t6rvm
1666593132,105,theme-t6rvm
1666593147,108,theme-t6rvm
1666593162,112,theme-t6rvm
1666593177,115,theme-t6rvm
1666593192,123,theme-t6rvm
1666593207,124,theme-t6rvm
1666593222,130,theme-t6rvm
1666593237,131,theme-t6rvm
1666593252,137,theme-t6rvm
1666593267,138,theme-t6rvm
1666593282,145,theme-t6rvm
1666593297,147,theme-t6rvm
1666593312,150,theme-t6rvm
1666593327,150,theme-t6rvm
1666593342,150,theme-t6rvm
1666593357,150,theme-t6rvm
1666593372,150,theme-t6rvm
1666593387,150,theme-t6rvm
1666593402,150,theme-t6rvm
1666593417,150,theme-t6rvm
1666593432,150,theme-t6rvm
1666593447,150,theme-t6rvm
1666592682,0,theme-tz5t4
1666592697,0,theme-tz5t4
1666592712,4,theme-tz5t4
1666592727,4,theme-tz5t4
1666592742,12,theme-tz5t4
1666592757,15,theme-tz5t4
1666592772,19,theme-tz5t4
1666592787,19,theme-tz5t4
1666592802,23,theme-tz5t4
1666592817,24,theme-tz5t4
1666592832,32,theme-tz5t4
1666592847,32,theme-tz5t4
1666592862,35,theme-tz5t4
1666592877,37,theme-tz5t4
1666592892,42,theme-tz5t4
1666592907,42,theme-tz5t4
1666592922,49,theme-tz5t4
1666592937,51,theme-tz5t4
1666592952,55,theme-tz5t4
1666592967,56,theme-tz5t4
1666592982,65,theme-tz5t4
1666592997,74,theme-tz5t4
1666593012,80,theme-tz5t4
1666593027,81,theme-tz5t4
1666593042,84,theme-tz5t4
1666593057,89,theme-tz5t4
1666593072,95,theme-tz5t4
1666593087,96,theme-tz5t4
1666593102,104,theme-tz5t4
1666593117,106,theme-tz5t4
1666593132,115,theme-tz5t4
1666593147,118,theme-tz5t4
1666593162,125,theme-tz5t4
1666593177,130,theme-tz5t4
1666593192,135,theme-tz5t4
1666593207,138,theme-tz5t4
1666593222,149,theme-tz5t4
1666593237,151,theme-tz5t4
1666593252,155,theme-tz5t4
1666593267,156,theme-tz5t4
1666593282,157,theme-tz5t4
1666593297,158,theme-tz5t4
1666593312,159,theme-tz5t4
1666593327,159,theme-tz5t4
1666593342,159,theme-tz5t4
1666593357,159,theme-tz5t4
1666593372,159,theme-tz5t4
1666593387,159,theme-tz5t4
1666593402,159,theme-tz5t4
1666593417,159,theme-tz5t4
1666593432,159,theme-tz5t4
1666593447,159,theme-tz5t4
1666592682,0,theme-vcpqh
1666592697,0,theme-vcpqh
1666592712,6,theme-vcpqh
1666592727,10,theme-vcpqh
1666592742,12,theme-vcpqh
1666592757,15,theme-vcpqh
1666592772,21,theme-vcpqh
1666592787,24,theme-vcpqh
1666592802,33,theme-vcpqh
1666592817,36,theme-vcpqh
1666592832,37,theme-vcpqh
1666592847,38,theme-vcpqh
1666592862,41,theme-vcpqh
1666592877,46,theme-vcpqh
1666592892,50,theme-vcpqh
1666592907,52,theme-vcpqh
1666592922,64,theme-vcpqh
1666592937,67,theme-vcpqh
1666592952,74,theme-vcpqh
1666592967,76,theme-vcpqh
1666592982,81,theme-vcpqh
1666592997,86,theme-vcpqh
1666593012,91,theme-vcpqh
1666593027,94,theme-vcpqh
1666593042,102,theme-vcpqh
1666593057,103,theme-vcpqh
1666593072,109,theme-vcpqh
1666593087,113,theme-vcpqh
1666593102,117,theme-vcpqh
1666593117,120,theme-vcpqh
1666593132,125,theme-vcpqh
1666593147,125,theme-vcpqh
1666593162,127,theme-vcpqh
1666593177,128,theme-vcpqh
1666593192,136,theme-vcpqh
1666593207,137,theme-vcpqh
1666593222,139,theme-vcpqh
1666593237,146,theme-vcpqh
1666593252,151,theme-vcpqh
1666593267,155,theme-vcpqh
1666593282,160,theme-vcpqh
1666593297,161,theme-vcpqh
1666593312,161,theme-vcpqh
1666593327,161,theme-vcpqh
1666593342,161,theme-vcpqh
1666593357,161,theme-vcpqh
1666593372,161,theme-vcpqh
1666593387,161,theme-vcpqh
1666593402,161,theme-vcpqh
1666593417,161,theme-vcpqh
1666593432,161,theme-vcpqh
1666593447,161,theme-vcpqh
1666592682,0,theme-w4ptp
1666592697,0,theme-w4ptp
1666592712,5,theme-w4ptp
1666592727,6,theme-w4ptp
1666592742,6,theme-w4ptp
1666592757,10,theme-w4ptp
1666592772,17,theme-w4ptp
1666592787,25,theme-w4ptp
1666592802,28,theme-w4ptp
1666592817,31,theme-w4ptp
1666592832,34,theme-w4ptp
1666592847,38,theme-w4ptp
1666592862,43,theme-w4ptp
1666592877,48,theme-w4ptp
1666592892,54,theme-w4ptp
1666592907,55,theme-w4ptp
1666592922,60,theme-w4ptp
1666592937,60,theme-w4ptp
1666592952,67,theme-w4ptp
1666592967,68,theme-w4ptp
1666592982,74,theme-w4ptp
1666592997,74,theme-w4ptp
1666593012,81,theme-w4ptp
1666593027,84,theme-w4ptp
1666593042,88,theme-w4ptp
1666593057,89,theme-w4ptp
1666593072,95,theme-w4ptp
1666593087,98,theme-w4ptp
1666593102,102,theme-w4ptp
1666593117,102,theme-w4ptp
1666593132,105,theme-w4ptp
1666593147,106,theme-w4ptp
1666593162,111,theme-w4ptp
1666593177,114,theme-w4ptp
1666593192,119,theme-w4ptp
1666593207,121,theme-w4ptp
1666593222,124,theme-w4ptp
1666593237,128,theme-w4ptp
1666593252,131,theme-w4ptp
1666593267,141,theme-w4ptp
1666593282,145,theme-w4ptp
1666593297,146,theme-w4ptp
1666593312,147,theme-w4ptp
1666593327,147,theme-w4ptp
1666593342,147,theme-w4ptp
1666593357,147,theme-w4ptp
1666593372,147,theme-w4ptp
1666593387,147,theme-w4ptp
1666593402,147,theme-w4ptp
1666593417,147,theme-w4ptp
1666593432,147,theme-w4ptp
1666593447,147,theme-w4ptp
1666592682,0,theme-wkz26
1666592697,0,theme-wkz26
1666592712,2,theme-wkz26
1666592727,3,theme-wkz26
1666592742,15,theme-wkz26
1666592757,20,theme-wkz26
1666592772,25,theme-wkz26
1666592787,28,theme-wkz26
1666592802,36,theme-wkz26
1666592817,37,theme-wkz26
1666592832,45,theme-wkz26
1666592847,49,theme-wkz26
1666592862,54,theme-wkz26
1666592877,57,theme-wkz26
1666592892,61,theme-wkz26
1666592907,63,theme-wkz26
1666592922,63,theme-wkz26
1666592937,66,theme-wkz26
1666592952,74,theme-wkz26
1666592967,77,theme-wkz26
1666592982,79,theme-wkz26
1666592997,84,theme-wkz26
1666593012,88,theme-wkz26
1666593027,89,theme-wkz26
1666593042,93,theme-wkz26
1666593057,99,theme-wkz26
1666593072,105,theme-wkz26
1666593087,108,theme-wkz26
1666593102,116,theme-wkz26
1666593117,118,theme-wkz26
1666593132,123,theme-wkz26
1666593147,125,theme-wkz26
1666593162,127,theme-wkz26
1666593177,129,theme-wkz26
1666593192,135,theme-wkz26
1666593207,140,theme-wkz26
1666593222,141,theme-wkz26
1666593237,142,theme-wkz26
1666593252,146,theme-wkz26
1666593267,148,theme-wkz26
1666593282,149,theme-wkz26
1666593297,151,theme-wkz26
1666593312,155,theme-wkz26
1666593327,155,theme-wkz26
1666593342,155,theme-wkz26
1666593357,155,theme-wkz26
1666593372,155,theme-wkz26
1666593387,155,theme-wkz26
1666593402,155,theme-wkz26
1666593417,155,theme-wkz26
1666593432,155,theme-wkz26
1666593447,155,theme-wkz26
1666592682,0,theme-xwdjf
1666592697,0,theme-xwdjf
1666592712,2,theme-xwdjf
1666592727,5,theme-xwdjf
1666592742,8,theme-xwdjf
1666592757,12,theme-xwdjf
1666592772,16,theme-xwdjf
1666592787,17,theme-xwdjf
1666592802,25,theme-xwdjf
1666592817,28,theme-xwdjf
1666592832,29,theme-xwdjf
1666592847,32,theme-xwdjf
1666592862,36,theme-xwdjf
1666592877,41,theme-xwdjf
1666592892,47,theme-xwdjf
1666592907,48,theme-xwdjf
1666592922,55,theme-xwdjf
1666592937,56,theme-xwdjf
1666592952,57,theme-xwdjf
1666592967,62,theme-xwdjf
1666592982,69,theme-xwdjf
1666592997,72,theme-xwdjf
1666593012,77,theme-xwdjf
1666593027,79,theme-xwdjf
1666593042,82,theme-xwdjf
1666593057,85,theme-xwdjf
1666593072,90,theme-xwdjf
1666593087,92,theme-xwdjf
1666593102,92,theme-xwdjf
1666593117,94,theme-xwdjf
1666593132,104,theme-xwdjf
1666593147,106,theme-xwdjf
1666593162,120,theme-xwdjf
1666593177,125,theme-xwdjf
1666593192,130,theme-xwdjf
1666593207,133,theme-xwdjf
1666593222,135,theme-xwdjf
1666593237,138,theme-xwdjf
1666593252,143,theme-xwdjf
1666593267,145,theme-xwdjf
1666593282,152,theme-xwdjf
1666593297,153,theme-xwdjf
1666593312,154,theme-xwdjf
1666593327,154,theme-xwdjf
1666593342,154,theme-xwdjf
1666593357,154,theme-xwdjf
1666593372,154,theme-xwdjf
1666593387,154,theme-xwdjf
1666593402,154,theme-xwdjf
1666593417,154,theme-xwdjf
1666593432,154,theme-xwdjf
1666593447,154,theme-xwdjf
